[{"at":"2021-11-23T06:09:12.137Z","done_by_code":"","data":{"options":["613e11741fbcc20ca8cb42c1"],"status":true,"_id":"619c8588af8780680252de40","menu_name":"Dashboard Mapping","route":"master/dashboard-mapping","module":"613e10dc1fbcc20ca8cb4292","createdAt":"2021-11-23T06:09:12.123Z","updatedAt":"2021-11-23T06:09:12.123Z","__v":0},"mode":"Add"},{"at":"2021-12-17T05:03:51.631Z","done_by_code":"","data":{"options":["613e11741fbcc20ca8cb42c1","613e117a1fbcc20ca8cb42c4","613e11801fbcc20ca8cb42c7","613e11861fbcc20ca8cb42ca","613e118d1fbcc20ca8cb42cd"],"status":true,"_id":"61bc1a370044d7067afbbdc7","menu_name":"Stock Journal","route":"process/stock-journal","module":"613e10e21fbcc20ca8cb4296","createdAt":"2021-12-17T05:03:51.625Z","updatedAt":"2021-12-17T05:03:51.625Z","__v":0},"mode":"Add"},{"at":"2022-04-19T10:12:45.980Z","done_by_code":"","data":{"options":["613e118d1fbcc20ca8cb42cd"],"status":true,"_id":"613f51c17e531862569cc310","menu_name":"Ledger Report","route":"report/ledger","module":"613e10f21fbcc20ca8cb429e","createdAt":"2021-09-13T13:27:29.237Z","updatedAt":"2022-04-19T10:12:45.955Z","__v":0,"order_no":1},"mode":"Update"},{"at":"2022-04-19T10:12:54.973Z","done_by_code":"","data":{"options":["613e118d1fbcc20ca8cb42cd"],"status":true,"_id":"613f51d37e531862569cc319","menu_name":"Day Book","route":"report/daybook","module":"613e10f21fbcc20ca8cb429e","createdAt":"2021-09-13T13:27:47.829Z","updatedAt":"2022-04-19T10:12:54.945Z","__v":0,"order_no":3},"mode":"Update"},{"at":"2022-04-19T10:12:59.687Z","done_by_code":"","data":{"options":["613e118d1fbcc20ca8cb42cd"],"status":true,"_id":"613f51f07e531862569cc324","menu_name":"Trial Balance","route":"report/trial-balance","module":"613e10f21fbcc20ca8cb429e","createdAt":"2021-09-13T13:28:16.773Z","updatedAt":"2022-04-19T10:12:59.680Z","__v":0,"order_no":4},"mode":"Update"},{"at":"2022-04-19T10:13:06.115Z","done_by_code":"","data":{"options":["613e118d1fbcc20ca8cb42cd"],"status":true,"_id":"613f52047e531862569cc32d","menu_name":"Outstanding","route":"report/out-standing","module":"613e10f21fbcc20ca8cb429e","createdAt":"2021-09-13T13:28:36.918Z","updatedAt":"2022-04-19T10:13:06.108Z","__v":0,"order_no":5},"mode":"Update"},{"at":"2022-04-19T10:13:16.781Z","done_by_code":"","data":{"options":["613e118d1fbcc20ca8cb42cd"],"status":true,"_id":"615a83bbba7c191e37d42753","menu_name":"Outstanding Party","route":"report/out-standing-party-wise","module":"613e10f21fbcc20ca8cb429e","createdAt":"2021-10-04T04:31:55.696Z","updatedAt":"2022-04-19T10:13:16.770Z","__v":0,"order_no":6},"mode":"Update"},{"at":"2022-04-19T10:13:22.344Z","done_by_code":"","data":{"options":["613e118d1fbcc20ca8cb42cd"],"status":true,"_id":"615a83ccba7c191e37d42771","menu_name":"Stock","route":"report/stock","module":"613e10f21fbcc20ca8cb429e","createdAt":"2021-10-04T04:32:12.159Z","updatedAt":"2022-04-19T10:13:22.332Z","__v":0,"order_no":7},"mode":"Update"},{"at":"2022-04-19T10:13:32.295Z","done_by_code":"","data":{"options":["613e118d1fbcc20ca8cb42cd"],"status":true,"_id":"615e835039befb1fed6135a8","menu_name":"Ledger Brief Report","route":"report/ledger-brief","module":"613e10f21fbcc20ca8cb429e","createdAt":"2021-10-07T05:19:12.919Z","updatedAt":"2022-04-19T10:13:32.278Z","__v":0,"order_no":2},"mode":"Update"},{"at":"2022-04-19T10:13:39.137Z","done_by_code":"","data":{"options":["613e118d1fbcc20ca8cb42cd"],"status":true,"_id":"615e833539befb1fed61358a","menu_name":"Material Transaction","route":"report/day-stock","module":"613e10f21fbcc20ca8cb429e","createdAt":"2021-10-07T05:18:45.563Z","updatedAt":"2022-04-19T10:13:39.128Z","__v":0,"order_no":8},"mode":"Update"},{"at":"2022-06-04T15:39:47.904Z","done_by_code":"","data":{"options":["613e118d1fbcc20ca8cb42cd"],"status":true,"_id":"629b7cc3b47e720aef9b6c18","menu_name":"Log Report","route":"report/log-report","module":"613e10f21fbcc20ca8cb429e","order_no":null,"createdAt":"2022-06-04T15:39:47.897Z","updatedAt":"2022-06-04T15:39:47.897Z","__v":0},"mode":"Add"},{"at":"2022-06-04T15:41:15.300Z","done_by_code":"","data":{"options":["613e118d1fbcc20ca8cb42cd"],"status":true,"_id":"629b7cc3b47e720aef9b6c18","menu_name":"Log Report","route":"report/log-report","module":"613e10f21fbcc20ca8cb429e","order_no":null,"createdAt":"2022-06-04T15:39:47.897Z","updatedAt":"2022-06-04T15:39:47.897Z","__v":0},"mode":"Delete"}]