[{"at":"2021-10-28T10:35:43.672Z","done_by_code":"","data":{"status":true,"_id":"617a7cff9e4e9506fc0856eb","group_name":"PETTI EXP","parent":"602a517ef19e723dddee0c57","createdAt":"2021-10-28T10:35:43.669Z","updatedAt":"2021-10-28T10:35:43.669Z","__v":0},"mode":"Add"},{"at":"2021-10-30T09:03:41.121Z","done_by_code":"","data":{"status":true,"_id":"617d0a6d9e4e9506fc09531a","group_name":"SEC 12 PURCHASE","parent":"602a5232f19e723dddee0c65","createdAt":"2021-10-30T09:03:41.117Z","updatedAt":"2021-10-30T09:03:41.117Z","__v":0},"mode":"Add"},{"at":"2021-10-30T09:06:16.981Z","done_by_code":"","data":{"status":true,"_id":"617d0a6d9e4e9506fc09531a","group_name":"SEC 12 PURCHASE","parent":"602a5232f19e723dddee0c65","createdAt":"2021-10-30T09:03:41.117Z","updatedAt":"2021-10-30T09:03:41.117Z","__v":0},"mode":"Delete"},{"at":"2021-11-01T05:32:02.713Z","done_by_code":"","data":{"status":true,"_id":"617f7bd29e4e9506fc09836a","group_name":"SALARY","parent":null,"createdAt":"2021-11-01T05:32:02.707Z","updatedAt":"2021-11-01T05:32:02.707Z","__v":0},"mode":"Add"},{"at":"2021-11-01T05:36:20.587Z","done_by_code":"","data":{"status":true,"_id":"617f7bd29e4e9506fc09836a","group_name":"SALARY","parent":"602a517ef19e723dddee0c57","createdAt":"2021-11-01T05:32:02.707Z","updatedAt":"2021-11-01T05:36:20.582Z","__v":0},"mode":"Update"},{"at":"2021-11-01T05:36:20.639Z","done_by_code":"","data":{"status":true,"_id":"617f7bd29e4e9506fc09836a","group_name":"SALARY","parent":"602a517ef19e723dddee0c57","createdAt":"2021-11-01T05:32:02.707Z","updatedAt":"2021-11-01T05:36:20.637Z","__v":0},"mode":"Update"},{"at":"2021-11-20T08:27:33.269Z","done_by_code":"","data":{"status":true,"_id":"6198b175d6657b54e81eddbf","group_name":"INT","parent":"602a517ef19e723dddee0c57","createdAt":"2021-11-20T08:27:33.256Z","updatedAt":"2021-11-20T08:27:33.256Z","__v":0},"mode":"Add"},{"at":"2021-11-20T08:35:27.412Z","done_by_code":"","data":{"status":true,"_id":"6198b34fd6657b54e81edf79","group_name":"INT KB","parent":"602a517ef19e723dddee0c57","createdAt":"2021-11-20T08:35:27.408Z","updatedAt":"2021-11-20T08:35:27.408Z","__v":0},"mode":"Add"},{"at":"2022-04-08T12:53:37.675Z","done_by_code":"","data":{"status":true,"_id":"6250305178c2073c8047424b","group_name":"UNF","parent":"602a5224f19e723dddee0c64","createdAt":"2022-04-08T12:53:37.670Z","updatedAt":"2022-04-08T12:53:37.670Z","__v":0},"mode":"Add"},{"at":"2022-05-21T15:36:37.305Z","done_by_code":"","data":{"status":true,"_id":"6289070579426f73f0b89767","group_name":"LONG","parent":"602a51c2f19e723dddee0c5d","createdAt":"2022-05-21T15:36:37.302Z","updatedAt":"2022-05-21T15:36:37.302Z","__v":0},"mode":"Add"},{"at":"2022-05-21T15:45:40.850Z","done_by_code":"","data":{"status":true,"_id":"6289070579426f73f0b89767","group_name":"Z LONG","parent":"602a51c2f19e723dddee0c5d","createdAt":"2022-05-21T15:36:37.302Z","updatedAt":"2022-05-21T15:45:40.845Z","__v":0},"mode":"Update"},{"at":"2022-05-21T15:46:25.982Z","done_by_code":"","data":{"status":true,"_id":"6289070579426f73f0b89767","group_name":"LONG","parent":"602a5224f19e723dddee0c64","createdAt":"2022-05-21T15:36:37.302Z","updatedAt":"2022-05-21T15:46:25.977Z","__v":0},"mode":"Update"},{"at":"2022-05-23T05:37:22.982Z","done_by_code":"","data":{"status":true,"_id":"628b1d9279426f73f0b8b016","group_name":"CUSTOMERS","parent":null,"createdAt":"2022-05-23T05:37:22.978Z","updatedAt":"2022-05-23T05:37:22.978Z","__v":0},"mode":"Add"},{"at":"2022-05-23T05:39:35.365Z","done_by_code":"","data":{"status":true,"_id":"628b1d9279426f73f0b8b016","group_name":"CUSTOMERS","parent":"602a51c2f19e723dddee0c5d","createdAt":"2022-05-23T05:37:22.978Z","updatedAt":"2022-05-23T05:39:35.359Z","__v":0},"mode":"Update"},{"at":"2022-05-23T05:39:59.248Z","done_by_code":"","data":{"status":true,"_id":"628b1d9279426f73f0b8b016","group_name":"CUSTOMERS","parent":"602a5224f19e723dddee0c64","createdAt":"2022-05-23T05:37:22.978Z","updatedAt":"2022-05-23T05:39:59.246Z","__v":0},"mode":"Update"},{"at":"2022-05-23T06:01:26.040Z","done_by_code":"","data":{"status":true,"_id":"628b1d9279426f73f0b8b016","group_name":"CUSTOMERS","parent":"602a51c2f19e723dddee0c5d","createdAt":"2022-05-23T05:37:22.978Z","updatedAt":"2022-05-23T06:01:26.039Z","__v":0},"mode":"Update"},{"at":"2022-05-23T06:41:03.330Z","done_by_code":"","data":{"status":true,"_id":"602a51c2f19e723dddee0c5d","group_name":"SUNDRY DEBTO","parent":"602282dfdd085f6441ec783f","__v":0,"updatedAt":"2022-05-23T06:41:03.328Z"},"mode":"Update"},{"at":"2022-05-23T06:44:31.762Z","done_by_code":"","data":{"status":true,"_id":"602a51c2f19e723dddee0c5d","group_name":"SUNDRY DEBTORS","parent":"602282dfdd085f6441ec783f","__v":0,"updatedAt":"2022-05-23T06:44:31.756Z"},"mode":"Update"},{"at":"2022-05-23T06:51:35.577Z","done_by_code":"","data":{"status":true,"_id":"628b1d9279426f73f0b8b016","group_name":"CUSTOMERS","parent":"602a5224f19e723dddee0c64","createdAt":"2022-05-23T05:37:22.978Z","updatedAt":"2022-05-23T06:51:35.571Z","__v":0},"mode":"Update"},{"at":"2022-05-23T06:55:45.665Z","done_by_code":"","data":{"status":true,"_id":"628b1d9279426f73f0b8b016","group_name":"CUSTOMERS","parent":"602a51c2f19e723dddee0c5d","createdAt":"2022-05-23T05:37:22.978Z","updatedAt":"2022-05-23T06:55:45.659Z","__v":0},"mode":"Update"},{"at":"2022-05-23T06:56:40.575Z","done_by_code":"","data":{"status":true,"_id":"6289070579426f73f0b89767","group_name":"LONG","parent":"602a51c2f19e723dddee0c5d","createdAt":"2022-05-21T15:36:37.302Z","updatedAt":"2022-05-23T06:56:40.572Z","__v":0},"mode":"Update"},{"at":"2022-05-23T06:56:47.868Z","done_by_code":"","data":{"status":true,"_id":"6250305178c2073c8047424b","group_name":"UNF","parent":"602a51c2f19e723dddee0c5d","createdAt":"2022-04-08T12:53:37.670Z","updatedAt":"2022-05-23T06:56:47.866Z","__v":0},"mode":"Update"},{"at":"2022-05-23T06:56:56.829Z","done_by_code":"","data":{"status":true,"_id":"602a525cf19e723dddee0c68","group_name":"SUPPLIERS","parent":"602a51c2f19e723dddee0c5d","__v":0,"updatedAt":"2022-05-23T06:56:56.827Z"},"mode":"Update"},{"at":"2022-05-25T14:18:07.647Z","done_by_code":"","data":{"status":true,"_id":"628e3a9f79426f73f0babf1c","group_name":"OTHERS","parent":null,"createdAt":"2022-05-25T14:18:07.644Z","updatedAt":"2022-05-25T14:18:07.644Z","__v":0},"mode":"Add"},{"at":"2022-05-25T14:18:22.236Z","done_by_code":"","data":{"status":true,"_id":"628e3a9f79426f73f0babf1c","group_name":"OTHERS","parent":"602a51c2f19e723dddee0c5d","createdAt":"2022-05-25T14:18:07.644Z","updatedAt":"2022-05-25T14:18:22.231Z","__v":0},"mode":"Update"},{"at":"2022-05-25T14:43:07.106Z","done_by_code":"","data":{"status":true,"_id":"628e407b79426f73f0bacde2","group_name":"VKM","parent":"602a51c2f19e723dddee0c5d","createdAt":"2022-05-25T14:43:07.103Z","updatedAt":"2022-05-25T14:43:07.103Z","__v":0},"mode":"Add"}]