[{"at":"2021-10-12T07:49:13.462Z","done_by_code":"","data":{"default_bank":false,"status":true,"_id":"61653df922fb974515dd4aca","account_holder_name":"Surabi Jew HDFC","bank_name":"HDFC","account_no":"50200045840279","branch_name":"R S Puram","ifsc":"HDFC0000269","book_id":"612b9ec73e9d0a5e41ebdbb4","sub_book_id":"612b9ee03e9d0a5e41ebdbb7","createdAt":"2021-10-12T07:49:13.454Z","updatedAt":"2021-10-12T07:49:13.454Z","__v":0},"mode":"Add"},{"at":"2021-10-12T07:52:31.257Z","done_by_code":"","data":{"default_bank":false,"status":true,"_id":"61653df922fb974515dd4aca","account_holder_name":"Surabi Jew HDFC","bank_name":"HDFC","account_no":"50200045840279","branch_name":"R S Puram","ifsc":"HDFC0000269","book_id":"612b9ec73e9d0a5e41ebdbb4","sub_book_id":"612b9ee03e9d0a5e41ebdbb7","createdAt":"2021-10-12T07:49:13.454Z","updatedAt":"2021-10-12T07:49:13.454Z","__v":0},"mode":"Delete"},{"at":"2021-11-23T08:37:04.404Z","done_by_code":"","data":{"default_bank":false,"status":true,"_id":"619ca830b4adb0288d478c12","account_holder_name":"1276 BRIGHT GOLD","bank_name":"1276 BRIGHT GOLD","account_no":"1276","branch_name":"12","ifsc":"br","book_id":"612b9ec73e9d0a5e41ebdbb4","sub_book_id":"612b9ee03e9d0a5e41ebdbb7","createdAt":"2021-11-23T08:37:04.384Z","updatedAt":"2021-11-23T08:37:04.384Z","__v":0},"mode":"Add"},{"at":"2021-11-23T08:37:17.877Z","done_by_code":"","data":{"default_bank":false,"status":true,"_id":"619ca830b4adb0288d478c12","account_holder_name":"1276 BRIGHT GOLD","bank_name":"1276 BRIGHT GOLD","account_no":"1276 BRIGHT GOLD","branch_name":"12","ifsc":"br","book_id":"612b9ec73e9d0a5e41ebdbb4","sub_book_id":"612b9ee03e9d0a5e41ebdbb7","createdAt":"2021-11-23T08:37:04.384Z","updatedAt":"2021-11-23T08:37:17.855Z","__v":0},"mode":"Update"},{"at":"2022-04-06T11:20:35.782Z","done_by_code":"","data":{"is_display_dashboard":true,"default_bank":true,"status":true,"_id":"615c3ca4e350bb47bfe1ff80","account_holder_name":"Sb Axis 717","bank_name":"Axis Bank","account_no":"910020000490717 AXIS","branch_name":"Town Hall","ifsc":"UTIB0001919","book_id":"612b9ec73e9d0a5e41ebdbb4","sub_book_id":"612b9ee03e9d0a5e41ebdbb7","createdAt":"2021-10-05T11:53:08.545Z","updatedAt":"2022-04-06T11:20:35.754Z","__v":0},"mode":"Update"},{"at":"2022-04-06T11:20:46.486Z","done_by_code":"","data":{"is_display_dashboard":true,"default_bank":false,"status":true,"_id":"615e8b539297fa2a67dfa673","account_holder_name":"Canara 1","bank_name":"Canara 1","account_no":"Canara","branch_name":"Townhall","ifsc":"CANRA0009952","book_id":"612b9ec73e9d0a5e41ebdbb4","sub_book_id":"612b9ee03e9d0a5e41ebdbb7","createdAt":"2021-10-07T05:53:23.416Z","updatedAt":"2022-04-06T11:20:46.461Z","__v":0},"mode":"Update"},{"at":"2022-04-06T11:21:01.337Z","done_by_code":"","data":{"is_display_dashboard":true,"default_bank":false,"status":true,"_id":"615ea9c69297fa2a67dfc6f6","account_holder_name":"SJ HDFC CA","bank_name":"HDFC BANK","account_no":"50200047904735 HDFC CA","branch_name":"RS Puram","ifsc":"HDFC0000269","book_id":"612b9ec73e9d0a5e41ebdbb4","sub_book_id":"612b9ee03e9d0a5e41ebdbb7","createdAt":"2021-10-07T08:03:18.502Z","updatedAt":"2022-04-06T11:21:01.313Z","__v":0},"mode":"Update"},{"at":"2022-04-06T11:21:29.766Z","done_by_code":"","data":{"is_display_dashboard":true,"default_bank":false,"status":true,"_id":"615eaa1b9297fa2a67dfc724","account_holder_name":"SJ HDFC CC","bank_name":"HDFC BANK","account_no":"50200045840279 HDFC CC","branch_name":"Rs Puram","ifsc":"HDFC0000269","book_id":"612b9ec73e9d0a5e41ebdbb4","sub_book_id":"612b9ee03e9d0a5e41ebdbb7","createdAt":"2021-10-07T08:04:43.958Z","updatedAt":"2022-04-06T11:21:29.739Z","__v":0},"mode":"Update"},{"at":"2022-04-06T11:21:53.627Z","done_by_code":"","data":{"is_display_dashboard":true,"default_bank":false,"status":true,"_id":"615eaa4e9297fa2a67dfc738","account_holder_name":"SB KVB","bank_name":"KVB BANK","account_no":"1120135000004847 KVB","branch_name":"OPP Street","ifsc":"KVBL0001120","book_id":"612b9ec73e9d0a5e41ebdbb4","sub_book_id":"612b9ee03e9d0a5e41ebdbb7","createdAt":"2021-10-07T08:05:34.598Z","updatedAt":"2022-04-06T11:21:53.599Z","__v":0},"mode":"Update"},{"at":"2022-04-06T11:22:00.750Z","done_by_code":"","data":{"is_display_dashboard":true,"default_bank":false,"status":true,"_id":"615eaaac9297fa2a67dfc74c","account_holder_name":"SB ICICI","bank_name":"ICICI BANK","account_no":"001605015213 ICICI","branch_name":"RS Puram","ifsc":"ICIC0000016","book_id":"612b9ec73e9d0a5e41ebdbb4","sub_book_id":"612b9ee03e9d0a5e41ebdbb7","createdAt":"2021-10-07T08:07:08.953Z","updatedAt":"2022-04-06T11:22:00.727Z","__v":0},"mode":"Update"},{"at":"2022-04-06T11:22:34.668Z","done_by_code":"","data":{"is_display_dashboard":true,"default_bank":false,"status":true,"_id":"615ea9c69297fa2a67dfc6f6","account_holder_name":"SJ HDFC CA","bank_name":"HDFC BANK","account_no":"50200047904735 HDFC CA","branch_name":"RS Puram","ifsc":"HDFC0000269","book_id":"612b9ec73e9d0a5e41ebdbb4","sub_book_id":"612b9ee03e9d0a5e41ebdbb7","createdAt":"2021-10-07T08:03:18.502Z","updatedAt":"2022-04-06T11:22:34.639Z","__v":0},"mode":"Update"},{"at":"2022-05-02T05:08:22.063Z","done_by_code":"","data":{"is_display_dashboard":true,"default_bank":false,"status":true,"_id":"615e8b539297fa2a67dfa673","account_holder_name":"Canara 1","bank_name":"Canara 1","account_no":"125600126788 Canara","branch_name":"Townhall","ifsc":"CANRA0009952","book_id":"612b9ec73e9d0a5e41ebdbb4","sub_book_id":"612b9ee03e9d0a5e41ebdbb7","createdAt":"2021-10-07T05:53:23.416Z","updatedAt":"2022-05-02T05:08:22.023Z","__v":0},"mode":"Update"},{"at":"2022-05-02T05:08:36.134Z","done_by_code":"","data":{"is_display_dashboard":true,"default_bank":false,"status":true,"_id":"615e8b539297fa2a67dfa673","account_holder_name":"Canara 1","bank_name":"Canara 1","account_no":"12560012236788 Canara","branch_name":"Townhall","ifsc":"CANRA0009952","book_id":"612b9ec73e9d0a5e41ebdbb4","sub_book_id":"612b9ee03e9d0a5e41ebdbb7","createdAt":"2021-10-07T05:53:23.416Z","updatedAt":"2022-05-02T05:08:36.106Z","__v":0},"mode":"Update"},{"at":"2022-05-16T06:05:39.636Z","done_by_code":"","data":{"is_display_dashboard":false,"default_bank":false,"status":true,"_id":"6281e9b3654296365538f0ca","account_holder_name":"Yes Bank CA","bank_name":"Yes bank CA","account_no":"96548712583","branch_name":"RS Puram","ifsc":"YESB0000692","book_id":"612b9ec73e9d0a5e41ebdbb4","sub_book_id":"612b9ee03e9d0a5e41ebdbb7","createdAt":"2022-05-16T06:05:39.586Z","updatedAt":"2022-05-16T06:05:39.586Z","__v":0},"mode":"Add"},{"at":"2022-05-16T06:06:31.570Z","done_by_code":"","data":{"is_display_dashboard":false,"default_bank":false,"status":true,"_id":"6281e9b3654296365538f0ca","account_holder_name":"Yes Bank CA","bank_name":"Yes bank CA","account_no":"96548712583","branch_name":"RS Puram","ifsc":"YESB0000692","book_id":"612b9ec73e9d0a5e41ebdbb4","sub_book_id":"612b9ee03e9d0a5e41ebdbb7","createdAt":"2022-05-16T06:05:39.586Z","updatedAt":"2022-05-16T06:06:31.536Z","__v":0},"mode":"Update"},{"at":"2022-05-16T06:09:22.732Z","done_by_code":"","data":{"is_display_dashboard":false,"default_bank":false,"status":true,"_id":"6281e9b3654296365538f0ca","account_holder_name":"Yes Bank CA","bank_name":"Yes bank CA","account_no":"96548712583 YES Bank CA","branch_name":"RS Puram","ifsc":"YESB0000692","book_id":"612b9ec73e9d0a5e41ebdbb4","sub_book_id":"612b9ee03e9d0a5e41ebdbb7","createdAt":"2022-05-16T06:05:39.586Z","updatedAt":"2022-05-16T06:09:22.695Z","__v":0},"mode":"Update"},{"at":"2022-05-16T06:17:17.142Z","done_by_code":"","data":{"is_display_dashboard":true,"default_bank":false,"status":true,"_id":"6281e9b3654296365538f0ca","account_holder_name":"Yes Bank CA","bank_name":"Yes bank CA","account_no":"96548712583 YES Bank CA","branch_name":"RS Puram","ifsc":"YESB0000692","book_id":"612b9ec73e9d0a5e41ebdbb4","sub_book_id":"612b9ee03e9d0a5e41ebdbb7","createdAt":"2022-05-16T06:05:39.586Z","updatedAt":"2022-05-16T06:17:17.108Z","__v":0},"mode":"Update"}]