[
    {
        "at": "2021-11-23T06:09:22.336Z",
        "done_by_code": "",
        "_id": "619c8592af8780680252de88",
        "book_id": "612b9ec73e9d0a5e41ebdbb4",
        "sub_book_id": "612b9ee03e9d0a5e41ebdbb7",
        "user_id": "612b95373e9d0a5e41ebdba3",
        "dashboard_id": "1",
        "done_by": "612b95373e9d0a5e41ebdba3",
        "createdAt": "2021-11-23T06:09:22.298Z",
        "updatedAt": "2021-11-23T06:09:22.298Z",
        "__v": 0,
        "mode": "Add"
    },
    {
        "at": "2022-04-07T06:19:03.556Z",
        "done_by_code": "",
        "_id": "619c8592af8780680252de88",
        "book_id": "612b9ec73e9d0a5e41ebdbb4",
        "sub_book_id": "612b9ee03e9d0a5e41ebdbb7",
        "user_id": "612b95373e9d0a5e41ebdba3",
        "dashboard_id": "2",
        "done_by": "612b95373e9d0a5e41ebdba3",
        "createdAt": "2021-11-23T06:09:22.298Z",
        "updatedAt": "2022-04-07T06:19:03.551Z",
        "__v": 0,
        "mode": "Update"
    },
    {
        "at": "2022-04-07T06:19:43.255Z",
        "done_by_code": "",
        "_id": "619c8592af8780680252de88",
        "book_id": "612b9ec73e9d0a5e41ebdbb4",
        "sub_book_id": "612b9ee03e9d0a5e41ebdbb7",
        "user_id": "612b95373e9d0a5e41ebdba3",
        "dashboard_id": "1",
        "done_by": "612b95373e9d0a5e41ebdba3",
        "createdAt": "2021-11-23T06:09:22.298Z",
        "updatedAt": "2022-04-07T06:19:43.253Z",
        "__v": 0,
        "mode": "Update"
    }
]