[
    {
        "at": "2021-11-23T06:33:43.831Z",
        "done_by_code": "",
        "_id": "619c8b478d7efc76e5166de1",
        "rate": 5000,
        "date": "2021-11-22T09:10:11.803Z",
        "bank_balance": 49222143.259999335,
        "balances": 145360093.82769793,
        "advances": -395369799.070911,
        "user_defined": [],
        "total": -200787561.98321372,
        "gold_convert": -40157.51,
        "stock": 542.7399999999989,
        "net_stock": -39614.77,
        "done_by": "612b95373e9d0a5e41ebdba3",
        "createdAt": "2021-11-23T06:33:43.814Z",
        "updatedAt": "2021-11-23T06:33:43.814Z",
        "__v": 0,
        "mode": "Add"
    },
    {
        "at": "2021-11-25T05:13:56.851Z",
        "done_by_code": "",
        "_id": "619f1b94b4adb0288d48a922",
        "rate": 5000,
        "date": "2021-11-25T05:13:20.611Z",
        "bank_balance": -9705176.740000665,
        "balances": 110506296.65645838,
        "advances": -298788817.0243575,
        "user_defined": [],
        "total": -197987697.10789979,
        "gold_convert": -39597.54,
        "stock": 1435.226999999999,
        "net_stock": -38162.31,
        "done_by": "612b95373e9d0a5e41ebdba3",
        "createdAt": "2021-11-25T05:13:56.848Z",
        "updatedAt": "2021-11-25T05:13:56.848Z",
        "__v": 0,
        "mode": "Add"
    },
    {
        "at": "2021-11-27T11:52:58.445Z",
        "done_by_code": "",
        "_id": "61a21c1ab4adb0288d49e93f",
        "rate": 4950,
        "date": "2021-11-26T16:30:49.956Z",
        "bank_balance": 15802457.710000098,
        "balances": 110946629.0738854,
        "advances": -315678986.86678535,
        "user_defined": [
            {
                "_id": "61a21c1ab4adb0288d49e940",
                "description": "rate diff",
                "rate": null
            }
        ],
        "total": -188929900.08289987,
        "gold_convert": -38167.66,
        "stock": 1238.4249999999993,
        "net_stock": -36929.23,
        "done_by": "612b95373e9d0a5e41ebdba3",
        "createdAt": "2021-11-27T11:52:58.442Z",
        "updatedAt": "2021-11-27T11:52:58.442Z",
        "__v": 0,
        "mode": "Add"
    },
    {
        "at": "2021-11-27T11:53:10.896Z",
        "done_by_code": "",
        "_id": "61a21c26b4adb0288d49e946",
        "rate": 4950,
        "date": "2021-11-26T16:30:49.956Z",
        "bank_balance": 15802457.710000098,
        "balances": 110946629.0738854,
        "advances": -315678986.86678535,
        "user_defined": [
            {
                "_id": "61a21c26b4adb0288d49e947",
                "description": "rate diff",
                "rate": 5000000
            }
        ],
        "total": -183929900.08289987,
        "gold_convert": -37157.56,
        "stock": 1238.4249999999993,
        "net_stock": -35919.13,
        "done_by": "612b95373e9d0a5e41ebdba3",
        "createdAt": "2021-11-27T11:53:10.895Z",
        "updatedAt": "2021-11-27T11:53:10.895Z",
        "__v": 0,
        "mode": "Add"
    },
    {
        "at": "2022-04-06T11:06:46.169Z",
        "done_by_code": "",
        "_id": "624d7446d98337441faf924c",
        "rate": 5300,
        "date": "2022-04-06T11:03:18.476Z",
        "bank_balance": 0,
        "balances": 68201827.90923801,
        "advances": -512205856.31509346,
        "user_defined": [],
        "total": -444004028.4058554,
        "gold_convert": -83774.34,
        "stock": 2457.412999999986,
        "metal_balance": null,
        "net_stock": -81316.93,
        "remark": "",
        "done_by": "612b95373e9d0a5e41ebdba3",
        "createdAt": "2022-04-06T11:06:46.156Z",
        "updatedAt": "2022-04-06T11:06:46.156Z",
        "__v": 0,
        "mode": "Add"
    },
    {
        "at": "2022-04-06T11:25:08.708Z",
        "done_by_code": "",
        "_id": "624d7894d98337441faf9576",
        "rate": 5300,
        "date": "2022-04-06T11:22:33.008Z",
        "bank_balance": 13657129.300001334,
        "balances": 68201827.90923801,
        "advances": -512205896.31509346,
        "user_defined": [
            {
                "_id": "624d7894d98337441faf9577",
                "description": "",
                "rate": null
            },
            {
                "_id": "624d7894d98337441faf9578",
                "description": "",
                "rate": null
            }
        ],
        "total": -430346939.1058541,
        "gold_convert": -81197.54,
        "stock": 2457.412999999986,
        "metal_balance": null,
        "net_stock": -78740.12,
        "remark": "",
        "done_by": "612b95373e9d0a5e41ebdba3",
        "createdAt": "2022-04-06T11:25:08.703Z",
        "updatedAt": "2022-04-06T11:25:08.703Z",
        "__v": 0,
        "mode": "Add"
    },
    {
        "at": "2022-04-06T11:34:48.552Z",
        "done_by_code": "",
        "_id": "624d7ad8d98337441faf9794",
        "rate": 5300,
        "date": "2022-04-06T11:34:31.427Z",
        "bank_balance": 13657129.300001334,
        "balances": 68201827.90923801,
        "advances": -511530892.31509346,
        "user_defined": [],
        "total": -429671935.1058541,
        "gold_convert": -81070.18,
        "stock": 2327.0529999999876,
        "metal_balance": null,
        "net_stock": -78743.12,
        "remark": "",
        "done_by": "612b95373e9d0a5e41ebdba3",
        "createdAt": "2022-04-06T11:34:48.548Z",
        "updatedAt": "2022-04-06T11:34:48.548Z",
        "__v": 0,
        "mode": "Add"
    },
    {
        "at": "2022-04-06T11:35:57.678Z",
        "done_by_code": "",
        "_id": "624d7b1dd98337441faf979a",
        "rate": 5300,
        "date": "2022-04-06T11:34:31.427Z",
        "bank_balance": 13657129.300001334,
        "balances": 68201827.90923801,
        "advances": -511530892.31509346,
        "user_defined": [
            {
                "_id": "624d7b1dd98337441faf979b",
                "description": "mcx",
                "rate": 5000000
            },
            {
                "_id": "624d7b1dd98337441faf979c",
                "description": "",
                "rate": null
            }
        ],
        "total": -424671935.1058541,
        "gold_convert": -80126.78,
        "stock": 2327.0529999999876,
        "metal_balance": null,
        "net_stock": -77799.73,
        "remark": "",
        "done_by": "612b95373e9d0a5e41ebdba3",
        "createdAt": "2022-04-06T11:35:57.676Z",
        "updatedAt": "2022-04-06T11:35:57.676Z",
        "__v": 0,
        "mode": "Add"
    },
    {
        "at": "2022-04-06T11:58:18.635Z",
        "done_by_code": "",
        "_id": "624d805ad98337441faf9dfe",
        "rate": 5300,
        "date": "2022-04-06T11:58:00.917Z",
        "bank_balance": 14568777.300001334,
        "balances": 68201834.48654401,
        "advances": -529866017.89139956,
        "user_defined": [],
        "total": -447095406.1048542,
        "gold_convert": -84357.62,
        "stock": 1652.7609999999768,
        "metal_balance": null,
        "net_stock": -82704.86,
        "remark": "",
        "done_by": "612b95373e9d0a5e41ebdba3",
        "createdAt": "2022-04-06T11:58:18.632Z",
        "updatedAt": "2022-04-06T11:58:18.632Z",
        "__v": 0,
        "mode": "Add"
    },
    {
        "at": "2022-04-07T08:57:07.989Z",
        "done_by_code": "",
        "_id": "624ea763ae7347380d2c3f9e",
        "rate": 5350,
        "date": "2022-04-07T08:55:15.501Z",
        "bank_balance": 50161922.30000134,
        "balances": 64300298.24188872,
        "advances": -449986431.72782665,
        "user_defined": [],
        "total": -335524211.18593657,
        "gold_convert": -62714.81,
        "stock": 68956.53399999993,
        "metal_balance": null,
        "net_stock": 6241.73,
        "remark": "",
        "done_by": "612b95373e9d0a5e41ebdba3",
        "createdAt": "2022-04-07T08:57:07.985Z",
        "updatedAt": "2022-04-07T08:57:07.985Z",
        "__v": 0,
        "mode": "Add"
    },
    {
        "at": "2022-04-07T09:01:37.168Z",
        "done_by_code": "",
        "_id": "624ea871ae7347380d2c40a9",
        "rate": 4300,
        "date": "2022-04-07T09:01:30.718Z",
        "bank_balance": 50161922.30000134,
        "balances": 64300298.24188872,
        "advances": -449986431.72782665,
        "user_defined": [],
        "total": -335524211.18593657,
        "gold_convert": -78028.89,
        "stock": 68956.53399999993,
        "metal_balance": null,
        "net_stock": -9072.35,
        "remark": "",
        "done_by": "612b95373e9d0a5e41ebdba3",
        "createdAt": "2022-04-07T09:01:37.165Z",
        "updatedAt": "2022-04-07T09:01:37.165Z",
        "__v": 0,
        "mode": "Add"
    },
    {
        "at": "2022-04-07T09:03:06.297Z",
        "done_by_code": "",
        "_id": "624ea8caae7347380d2c413a",
        "rate": 5300,
        "date": "2022-04-07T09:01:30.718Z",
        "bank_balance": 50161922.30000134,
        "balances": 64300298.24188872,
        "advances": -449986431.72782665,
        "user_defined": [],
        "total": -335524211.18593657,
        "gold_convert": -63306.45,
        "stock": 68956.53399999993,
        "metal_balance": null,
        "net_stock": 5650.08,
        "remark": "",
        "done_by": "612b95373e9d0a5e41ebdba3",
        "createdAt": "2022-04-07T09:03:06.286Z",
        "updatedAt": "2022-04-07T09:03:06.286Z",
        "__v": 0,
        "mode": "Add"
    },
    {
        "at": "2022-04-07T09:08:14.418Z",
        "done_by_code": "",
        "_id": "624ea9feae7347380d2c4281",
        "rate": 5000,
        "date": "2022-04-07T09:07:16.882Z",
        "bank_balance": 50161922.30000134,
        "balances": 64300298.24188872,
        "advances": -449986431.72782665,
        "user_defined": [],
        "total": -335524211.18593657,
        "gold_convert": -67104.84,
        "stock": 68956.53399999993,
        "metal_balance": null,
        "net_stock": 1851.69,
        "remark": "",
        "done_by": "612b95373e9d0a5e41ebdba3",
        "createdAt": "2022-04-07T09:08:14.414Z",
        "updatedAt": "2022-04-07T09:08:14.414Z",
        "__v": 0,
        "mode": "Add"
    },
    {
        "at": "2022-04-07T12:27:14.511Z",
        "done_by_code": "",
        "_id": "624ed8a278c2073c8046a916",
        "rate": 5300,
        "date": "2022-04-07T12:26:59.436Z",
        "bank_balance": -63537105,
        "balances": 220088870,
        "advances": -486880705,
        "user_defined": [],
        "total": -330328940,
        "gold_convert": -62326.22,
        "stock": 69009,
        "metal_balance": 838,
        "net_stock": 7520.78,
        "remark": "",
        "done_by": "612b95373e9d0a5e41ebdba3",
        "createdAt": "2022-04-07T12:27:14.507Z",
        "updatedAt": "2022-04-07T12:27:14.507Z",
        "__v": 0,
        "mode": "Add"
    },
    {
        "at": "2022-04-08T06:10:07.757Z",
        "done_by_code": "",
        "_id": "624fd1bf78c2073c8046f7e5",
        "rate": 5340,
        "date": "2022-04-08T06:09:34.318Z",
        "bank_balance": 10491563.899999809,
        "balances": 69869643.88600549,
        "advances": -440798797.17794466,
        "user_defined": [],
        "total": -360437589.39193934,
        "gold_convert": -67497.68,
        "stock": 1308.9300000000208,
        "metal_balance": null,
        "net_stock": -66188.75,
        "remark": "",
        "done_by": "612b95373e9d0a5e41ebdba3",
        "createdAt": "2022-04-08T06:10:07.755Z",
        "updatedAt": "2022-04-08T06:10:07.755Z",
        "__v": 0,
        "mode": "Add"
    },
    {
        "at": "2022-04-08T06:10:20.133Z",
        "done_by_code": "",
        "_id": "624fd1cc78c2073c8046f837",
        "rate": 5300,
        "date": "2022-04-08T06:10:06.051Z",
        "bank_balance": 8863589,
        "balances": 69869644,
        "advances": -439170822,
        "user_defined": [],
        "total": -360437589,
        "gold_convert": -68007.09,
        "stock": 70346,
        "metal_balance": 1309,
        "net_stock": 3647.91,
        "remark": "",
        "done_by": "612b95373e9d0a5e41ebdba3",
        "createdAt": "2022-04-08T06:10:20.131Z",
        "updatedAt": "2022-04-08T06:10:20.131Z",
        "__v": 0,
        "mode": "Add"
    },
    {
        "at": "2022-04-08T06:28:59.906Z",
        "done_by_code": "",
        "_id": "624fd62b78c2073c8046ffed",
        "rate": 5300,
        "date": "2022-04-08T06:10:06.051Z",
        "bank_balance": 8863589,
        "balances": 69869644,
        "advances": -439170822,
        "user_defined": [
            {
                "_id": "624fd62b78c2073c8046ffee",
                "description": "MCX",
                "rate": null
            }
        ],
        "total": -360437589,
        "gold_convert": -68007.09,
        "stock": 70346,
        "metal_balance": 1309,
        "net_stock": 3647.91,
        "remark": "",
        "done_by": "612b95373e9d0a5e41ebdba3",
        "createdAt": "2022-04-08T06:28:59.902Z",
        "updatedAt": "2022-04-08T06:28:59.902Z",
        "__v": 0,
        "mode": "Add"
    },
    {
        "at": "2022-04-08T06:29:02.829Z",
        "done_by_code": "",
        "_id": "624fd62e78c2073c8046fff4",
        "rate": 5300,
        "date": "2022-04-08T06:10:06.051Z",
        "bank_balance": 8863589,
        "balances": 69869644,
        "advances": -439170822,
        "user_defined": [
            {
                "_id": "624fd62e78c2073c8046fff5",
                "description": "MCX",
                "rate": null
            }
        ],
        "total": -360437589,
        "gold_convert": -68007.09,
        "stock": 70346,
        "metal_balance": 1309,
        "net_stock": 3647.91,
        "remark": "",
        "done_by": "612b95373e9d0a5e41ebdba3",
        "createdAt": "2022-04-08T06:29:02.827Z",
        "updatedAt": "2022-04-08T06:29:02.827Z",
        "__v": 0,
        "mode": "Add"
    },
    {
        "at": "2022-04-08T14:31:58.697Z",
        "done_by_code": "",
        "_id": "6250475e78c2073c804759cc",
        "rate": 5350,
        "date": "2022-04-08T14:31:28.417Z",
        "bank_balance": -8121157,
        "balances": 35065797,
        "advances": -492638835,
        "user_defined": [
            {
                "_id": "6250475e78c2073c804759cd",
                "description": "MCX",
                "rate": -1900000
            },
            {
                "_id": "6250475e78c2073c804759ce",
                "description": "Rate",
                "rate": null
            }
        ],
        "total": -467594195,
        "gold_convert": -87400.78,
        "stock": 77276,
        "metal_balance": 1772,
        "net_stock": -8352.78,
        "remark": "",
        "done_by": "612b95373e9d0a5e41ebdba3",
        "createdAt": "2022-04-08T14:31:58.693Z",
        "updatedAt": "2022-04-08T14:31:58.693Z",
        "__v": 0,
        "mode": "Add"
    },
    {
        "at": "2022-04-08T14:34:22.447Z",
        "done_by_code": "",
        "_id": "625047ee78c2073c804759fa",
        "rate": 5350,
        "date": "2022-04-08T14:31:28.417Z",
        "bank_balance": -8121157,
        "balances": 35065797,
        "advances": -492638835,
        "user_defined": [
            {
                "_id": "625047ee78c2073c804759fb",
                "description": "MCX",
                "rate": -1900000
            },
            {
                "_id": "625047ee78c2073c804759fc",
                "description": "Rate",
                "rate": 37820303
            }
        ],
        "total": -429773892,
        "gold_convert": -80331.57,
        "stock": 77276,
        "metal_balance": 1772,
        "net_stock": -1283.57,
        "remark": "",
        "done_by": "612b95373e9d0a5e41ebdba3",
        "createdAt": "2022-04-08T14:34:22.446Z",
        "updatedAt": "2022-04-08T14:34:22.446Z",
        "__v": 0,
        "mode": "Add"
    },
    {
        "at": "2022-04-08T14:36:08.553Z",
        "done_by_code": "",
        "_id": "6250485878c2073c80475a8c",
        "rate": 5350,
        "date": "2022-04-08T14:31:28.417Z",
        "bank_balance": -8121157,
        "balances": 35065797,
        "advances": -492638835,
        "user_defined": [
            {
                "_id": "6250485878c2073c80475a8d",
                "description": "MCX",
                "rate": -1900000
            },
            {
                "_id": "6250485878c2073c80475a8e",
                "description": "Rate",
                "rate": 37820303
            },
            {
                "_id": "6250485878c2073c80475a8f",
                "description": "rak",
                "rate": -2428701.06
            }
        ],
        "total": -432202593.06,
        "gold_convert": -80785.53,
        "stock": 77276,
        "metal_balance": 1772,
        "net_stock": -1737.53,
        "remark": "",
        "done_by": "612b95373e9d0a5e41ebdba3",
        "createdAt": "2022-04-08T14:36:08.552Z",
        "updatedAt": "2022-04-08T14:36:08.552Z",
        "__v": 0,
        "mode": "Add"
    },
    {
        "at": "2022-04-08T14:36:15.587Z",
        "done_by_code": "",
        "_id": "6250485f78c2073c80475a95",
        "rate": 5350,
        "date": "2022-04-08T14:31:28.417Z",
        "bank_balance": -8121157,
        "balances": 35065797,
        "advances": -492638835,
        "user_defined": [
            {
                "_id": "6250485f78c2073c80475a96",
                "description": "MCX",
                "rate": -1900000
            },
            {
                "_id": "6250485f78c2073c80475a97",
                "description": "Rate",
                "rate": 37820303
            },
            {
                "_id": "6250485f78c2073c80475a98",
                "description": "rak",
                "rate": 2428701.06
            }
        ],
        "total": -427345190.94,
        "gold_convert": -79877.61,
        "stock": 77276,
        "metal_balance": 1772,
        "net_stock": -829.61,
        "remark": "",
        "done_by": "612b95373e9d0a5e41ebdba3",
        "createdAt": "2022-04-08T14:36:15.586Z",
        "updatedAt": "2022-04-08T14:36:15.586Z",
        "__v": 0,
        "mode": "Add"
    },
    {
        "at": "2022-04-08T14:37:27.272Z",
        "done_by_code": "",
        "_id": "625048a778c2073c80475b54",
        "rate": 5350,
        "date": "2022-04-08T14:36:56.129Z",
        "bank_balance": -8121157,
        "balances": 32637096,
        "advances": -492638835,
        "user_defined": [
            {
                "_id": "625048a778c2073c80475b55",
                "description": "Mcx",
                "rate": -1900000
            },
            {
                "_id": "625048a778c2073c80475b56",
                "description": "Rate",
                "rate": 37820303
            },
            {
                "_id": "625048a778c2073c80475b57",
                "description": "",
                "rate": null
            }
        ],
        "total": -432202593,
        "gold_convert": -80785.53,
        "stock": 77276,
        "metal_balance": 1772,
        "net_stock": -1737.53,
        "remark": "",
        "done_by": "612b95373e9d0a5e41ebdba3",
        "createdAt": "2022-04-08T14:37:27.268Z",
        "updatedAt": "2022-04-08T14:37:27.268Z",
        "__v": 0,
        "mode": "Add"
    },
    {
        "at": "2022-04-08T14:37:28.606Z",
        "done_by_code": "",
        "_id": "625048a878c2073c80475b5d",
        "rate": 5350,
        "date": "2022-04-08T14:36:56.129Z",
        "bank_balance": -8121157,
        "balances": 32637096,
        "advances": -492638835,
        "user_defined": [
            {
                "_id": "625048a878c2073c80475b5e",
                "description": "Mcx",
                "rate": -1900000
            },
            {
                "_id": "625048a878c2073c80475b5f",
                "description": "Rate",
                "rate": 37820303
            },
            {
                "_id": "625048a878c2073c80475b60",
                "description": "",
                "rate": null
            }
        ],
        "total": -432202593,
        "gold_convert": -80785.53,
        "stock": 77276,
        "metal_balance": 1772,
        "net_stock": -1737.53,
        "remark": "",
        "done_by": "612b95373e9d0a5e41ebdba3",
        "createdAt": "2022-04-08T14:37:28.605Z",
        "updatedAt": "2022-04-08T14:37:28.605Z",
        "__v": 0,
        "mode": "Add"
    },
    {
        "at": "2022-04-08T14:39:10.612Z",
        "done_by_code": "",
        "_id": "6250490e78c2073c80475c2c",
        "rate": 5350,
        "date": "2022-04-08T14:38:37.733Z",
        "bank_balance": -8121157,
        "balances": 35065797,
        "advances": -492638835,
        "user_defined": [
            {
                "_id": "6250490e78c2073c80475c2d",
                "description": "Mcx",
                "rate": -1900000
            },
            {
                "_id": "6250490e78c2073c80475c2e",
                "description": "rate",
                "rate": 37820303
            }
        ],
        "total": -429773892,
        "gold_convert": -80331.57,
        "stock": 77276,
        "metal_balance": 1772,
        "net_stock": -1283.57,
        "remark": "",
        "done_by": "612b95373e9d0a5e41ebdba3",
        "createdAt": "2022-04-08T14:39:10.608Z",
        "updatedAt": "2022-04-08T14:39:10.608Z",
        "__v": 0,
        "mode": "Add"
    },
    {
        "at": "2022-04-08T14:54:00.250Z",
        "done_by_code": "",
        "_id": "62504c8878c2073c80476077",
        "rate": 5350,
        "date": "2022-04-08T14:53:10.928Z",
        "bank_balance": -8121157,
        "balances": 35065797,
        "advances": -492638835,
        "user_defined": [
            {
                "_id": "62504c8878c2073c80476078",
                "description": "SX",
                "rate": -1900000
            },
            {
                "_id": "62504c8878c2073c80476079",
                "description": "RD",
                "rate": 37820303
            }
        ],
        "total": -429773892,
        "gold_convert": -80331.57,
        "stock": 77276,
        "metal_balance": 1772,
        "net_stock": -1283.57,
        "remark": "",
        "done_by": "612b95373e9d0a5e41ebdba3",
        "createdAt": "2022-04-08T14:54:00.247Z",
        "updatedAt": "2022-04-08T14:54:00.247Z",
        "__v": 0,
        "mode": "Add"
    },
    {
        "at": "2022-04-08T15:51:06.421Z",
        "done_by_code": "",
        "_id": "625059ea78c2073c804764f5",
        "rate": 5300,
        "date": "2022-04-08T15:50:58.488Z",
        "bank_balance": -8121157,
        "balances": 32857096,
        "advances": -492813539,
        "user_defined": [],
        "total": -468077600,
        "gold_convert": -88316.53,
        "stock": 77276,
        "metal_balance": 1772,
        "net_stock": -9268.53,
        "remark": "",
        "done_by": "612b95373e9d0a5e41ebdba3",
        "createdAt": "2022-04-08T15:51:06.418Z",
        "updatedAt": "2022-04-08T15:51:06.418Z",
        "__v": 0,
        "mode": "Add"
    },
    {
        "at": "2022-04-08T15:55:49.564Z",
        "done_by_code": "",
        "_id": "62505b0578c2073c80476562",
        "rate": 5300,
        "date": "2022-04-08T15:50:58.488Z",
        "bank_balance": -8121157,
        "balances": 32857096,
        "advances": -492813539,
        "user_defined": [
            {
                "_id": "62505b0578c2073c80476563",
                "description": "sx",
                "rate": -1900000
            }
        ],
        "total": -469977600,
        "gold_convert": -88675.02,
        "stock": 77276,
        "metal_balance": 1772,
        "net_stock": -9627.02,
        "remark": "",
        "done_by": "612b95373e9d0a5e41ebdba3",
        "createdAt": "2022-04-08T15:55:49.561Z",
        "updatedAt": "2022-04-08T15:55:49.561Z",
        "__v": 0,
        "mode": "Add"
    },
    {
        "at": "2022-04-08T15:56:57.493Z",
        "done_by_code": "",
        "_id": "62505b4978c2073c80476569",
        "rate": 5300,
        "date": "2022-04-08T15:50:58.488Z",
        "bank_balance": -8121157,
        "balances": 32857096,
        "advances": -492813539,
        "user_defined": [
            {
                "_id": "62505b4978c2073c8047656a",
                "description": "sx",
                "rate": -1900000
            },
            {
                "_id": "62505b4978c2073c8047656b",
                "description": "rd",
                "rate": 38500000
            }
        ],
        "total": -431477600,
        "gold_convert": -81410.87,
        "stock": 77276,
        "metal_balance": 1772,
        "net_stock": -2362.87,
        "remark": "",
        "done_by": "612b95373e9d0a5e41ebdba3",
        "createdAt": "2022-04-08T15:56:57.491Z",
        "updatedAt": "2022-04-08T15:56:57.491Z",
        "__v": 0,
        "mode": "Add"
    },
    {
        "at": "2022-04-08T15:58:07.539Z",
        "done_by_code": "",
        "_id": "62505b8f78c2073c80476571",
        "rate": 5350,
        "date": "2022-04-08T15:50:58.488Z",
        "bank_balance": -8121157,
        "balances": 32857096,
        "advances": -492813539,
        "user_defined": [
            {
                "_id": "62505b8f78c2073c80476572",
                "description": "sx",
                "rate": -1900000
            },
            {
                "_id": "62505b8f78c2073c80476573",
                "description": "rd",
                "rate": 38500000
            },
            {
                "_id": "62505b8f78c2073c80476574",
                "description": "ad refund",
                "rate": null
            }
        ],
        "total": -431477600,
        "gold_convert": -80650.02,
        "stock": 77276,
        "metal_balance": 1772,
        "net_stock": -1602.02,
        "remark": "",
        "done_by": "612b95373e9d0a5e41ebdba3",
        "createdAt": "2022-04-08T15:58:07.538Z",
        "updatedAt": "2022-04-08T15:58:07.538Z",
        "__v": 0,
        "mode": "Add"
    },
    {
        "at": "2022-04-08T15:58:49.467Z",
        "done_by_code": "",
        "_id": "62505bb978c2073c8047657a",
        "rate": 5350,
        "date": "2022-04-08T15:50:58.488Z",
        "bank_balance": -8121157,
        "balances": 32857096,
        "advances": -492813539,
        "user_defined": [
            {
                "_id": "62505bb978c2073c8047657b",
                "description": "sx",
                "rate": -1900000
            },
            {
                "_id": "62505bb978c2073c8047657c",
                "description": "rd",
                "rate": 38500000
            },
            {
                "_id": "62505bb978c2073c8047657d",
                "description": "ad refund",
                "rate": 25000000
            }
        ],
        "total": -406477600,
        "gold_convert": -75977.12,
        "stock": 77276,
        "metal_balance": 1772,
        "net_stock": 3070.88,
        "remark": "",
        "done_by": "612b95373e9d0a5e41ebdba3",
        "createdAt": "2022-04-08T15:58:49.466Z",
        "updatedAt": "2022-04-08T15:58:49.466Z",
        "__v": 0,
        "mode": "Add"
    },
    {
        "at": "2022-04-08T16:04:24.124Z",
        "done_by_code": "",
        "_id": "62505d0878c2073c80476583",
        "rate": 5350,
        "date": "2022-04-08T15:50:58.488Z",
        "bank_balance": -8121157,
        "balances": 32857096,
        "advances": -492813539,
        "user_defined": [
            {
                "_id": "62505d0878c2073c80476584",
                "description": "sx",
                "rate": -1900000
            },
            {
                "_id": "62505d0878c2073c80476585",
                "description": "rd",
                "rate": 38500000
            }
        ],
        "total": -431477600,
        "gold_convert": -80650.02,
        "stock": 77276,
        "metal_balance": 1772,
        "net_stock": -1602.02,
        "remark": "Have worked for 2.50cr IT refunds including 20-21 FY, We will furnish the exact date by tomo noon na..",
        "done_by": "612b95373e9d0a5e41ebdba3",
        "createdAt": "2022-04-08T16:04:24.123Z",
        "updatedAt": "2022-04-08T16:04:24.123Z",
        "__v": 0,
        "mode": "Add"
    },
    {
        "at": "2022-04-19T05:59:54.187Z",
        "done_by_code": "",
        "_id": "625e4fda78c2073c804b52ec",
        "rate": 5500,
        "date": "2022-04-19T05:59:40.362Z",
        "bank_balance": -19667513,
        "balances": 36259791,
        "advances": -602139973,
        "user_defined": [],
        "total": -585547695,
        "gold_convert": -106463.22,
        "stock": 98768,
        "metal_balance": 4,
        "net_stock": -7691.22,
        "remark": "",
        "done_by": "612b95373e9d0a5e41ebdba3",
        "createdAt": "2022-04-19T05:59:54.184Z",
        "updatedAt": "2022-04-19T05:59:54.184Z",
        "__v": 0,
        "mode": "Add"
    },
    {
        "at": "2022-04-20T11:59:31.400Z",
        "done_by_code": "",
        "_id": "625ff5a3ee446c6979a8beec",
        "rate": 5450,
        "date": "2022-04-20T11:59:22.010Z",
        "bank_balance": -22869571,
        "balances": 368218054,
        "advances": -662795874,
        "user_defined": [],
        "total": -317447391,
        "gold_convert": -58247.23,
        "stock": 90369,
        "metal_balance": -40591,
        "net_stock": -8469.23,
        "remark": "",
        "done_by": "612b95373e9d0a5e41ebdba3",
        "createdAt": "2022-04-20T11:59:31.397Z",
        "updatedAt": "2022-04-20T11:59:31.397Z",
        "__v": 0,
        "mode": "Add"
    },
    {
        "at": "2022-04-20T14:55:43.987Z",
        "done_by_code": "",
        "_id": "62601eefee446c6979a8fdcd",
        "rate": 5450,
        "date": "2022-04-20T14:55:16.306Z",
        "bank_balance": -21262835,
        "balances": 93148330,
        "advances": -618927119,
        "user_defined": [],
        "total": -547041624,
        "gold_convert": -100374.61,
        "stock": 90990,
        "metal_balance": 698,
        "net_stock": -8686.61,
        "remark": "",
        "done_by": "612b95373e9d0a5e41ebdba3",
        "createdAt": "2022-04-20T14:55:43.983Z",
        "updatedAt": "2022-04-20T14:55:43.983Z",
        "__v": 0,
        "mode": "Add"
    },
    {
        "at": "2022-04-27T06:01:50.312Z",
        "done_by_code": "",
        "_id": "6268dc4ea43ace15a7263e8b",
        "rate": 5350,
        "date": "2022-04-27T06:00:38.040Z",
        "bank_balance": 19729759,
        "balances": 164744844,
        "advances": -658949114,
        "user_defined": [],
        "total": -474474511,
        "gold_convert": -88686.82,
        "stock": 78305,
        "metal_balance": 49,
        "net_stock": -10332.82,
        "remark": "",
        "done_by": "612b95373e9d0a5e41ebdba3",
        "createdAt": "2022-04-27T06:01:50.309Z",
        "updatedAt": "2022-04-27T06:01:50.309Z",
        "__v": 0,
        "mode": "Add"
    },
    {
        "at": "2022-04-27T06:02:21.137Z",
        "done_by_code": "",
        "_id": "6268dc6da43ace15a7263ef6",
        "rate": 5300,
        "date": "2022-04-27T06:02:02.291Z",
        "bank_balance": 19729759,
        "balances": 164744844,
        "advances": -658949114,
        "user_defined": [],
        "total": -474474511,
        "gold_convert": -89523.49,
        "stock": 78305,
        "metal_balance": 49,
        "net_stock": -11169.49,
        "remark": "",
        "done_by": "612b95373e9d0a5e41ebdba3",
        "createdAt": "2022-04-27T06:02:21.134Z",
        "updatedAt": "2022-04-27T06:02:21.134Z",
        "__v": 0,
        "mode": "Add"
    },
    {
        "at": "2022-05-03T10:29:58.131Z",
        "done_by_code": "",
        "_id": "627104266542963655328134",
        "rate": 4500,
        "date": "2022-05-03T10:25:43.194Z",
        "bank_balance": 22110437,
        "balances": 140481820,
        "advances": -601369014,
        "user_defined": [],
        "total": -438776757,
        "gold_convert": -97505.95,
        "stock": 72011,
        "metal_balance": 1368,
        "net_stock": -24126.95,
        "remark": "",
        "done_by": "612b95373e9d0a5e41ebdba3",
        "createdAt": "2022-05-03T10:29:58.127Z",
        "updatedAt": "2022-05-03T10:29:58.127Z",
        "__v": 0,
        "mode": "Add"
    },
    {
        "at": "2022-05-04T17:32:36.125Z",
        "done_by_code": "",
        "_id": "6272b8b46542963655332afa",
        "rate": 5260,
        "date": "2022-05-04T17:32:10.690Z",
        "bank_balance": -16267533,
        "balances": 74920093,
        "advances": -614774326,
        "user_defined": [],
        "total": -556121766,
        "gold_convert": -105726.57,
        "stock": 64416,
        "metal_balance": 3380,
        "net_stock": -37930.57,
        "remark": "",
        "done_by": "612b95373e9d0a5e41ebdba3",
        "createdAt": "2022-05-04T17:32:36.122Z",
        "updatedAt": "2022-05-04T17:32:36.122Z",
        "__v": 0,
        "mode": "Add"
    },
    {
        "at": "2022-05-04T17:37:25.375Z",
        "done_by_code": "",
        "_id": "6272b9d56542963655332b00",
        "rate": 5250,
        "date": "2022-05-04T17:32:10.690Z",
        "bank_balance": -16267533,
        "balances": 74920093,
        "advances": -614774326,
        "user_defined": [
            {
                "_id": "6272b9d56542963655332b01",
                "description": "Excel",
                "rate": 558122786
            },
            {
                "_id": "6272b9d56542963655332b02",
                "description": "mxc",
                "rate": -2900000
            }
        ],
        "total": -898980,
        "gold_convert": -171.23,
        "stock": 64416,
        "metal_balance": 3380,
        "net_stock": 67624.77,
        "remark": "",
        "done_by": "612b95373e9d0a5e41ebdba3",
        "createdAt": "2022-05-04T17:37:25.373Z",
        "updatedAt": "2022-05-04T17:37:25.373Z",
        "__v": 0,
        "mode": "Add"
    },
    {
        "at": "2022-05-04T17:40:17.724Z",
        "done_by_code": "",
        "_id": "6272ba816542963655332b08",
        "rate": 5250,
        "date": "2022-05-04T17:32:10.690Z",
        "bank_balance": -16267533,
        "balances": 74920093,
        "advances": -614774326,
        "user_defined": [
            {
                "_id": "6272ba816542963655332b09",
                "description": "Excel",
                "rate": 43682786
            },
            {
                "_id": "6272ba816542963655332b0a",
                "description": "mxc",
                "rate": -2900000
            }
        ],
        "total": -515338980,
        "gold_convert": -98159.81,
        "stock": 64416,
        "metal_balance": 3380,
        "net_stock": -30363.81,
        "remark": "",
        "done_by": "612b95373e9d0a5e41ebdba3",
        "createdAt": "2022-05-04T17:40:17.723Z",
        "updatedAt": "2022-05-04T17:40:17.723Z",
        "__v": 0,
        "mode": "Add"
    },
    {
        "at": "2022-05-04T17:41:30.992Z",
        "done_by_code": "",
        "_id": "6272baca6542963655332b4a",
        "rate": 5250,
        "date": "2022-05-04T17:32:10.690Z",
        "bank_balance": -16267533,
        "balances": 74920093,
        "advances": -614774326,
        "user_defined": [
            {
                "_id": "6272baca6542963655332b4b",
                "description": "Excel",
                "rate": 43682786
            },
            {
                "_id": "6272baca6542963655332b4c",
                "description": "mxc",
                "rate": -2900000
            }
        ],
        "total": -515338980,
        "gold_convert": -98159.81,
        "stock": 64416,
        "metal_balance": 3380,
        "net_stock": -30363.81,
        "remark": "",
        "done_by": "612b95373e9d0a5e41ebdba3",
        "createdAt": "2022-05-04T17:41:30.988Z",
        "updatedAt": "2022-05-04T17:41:30.988Z",
        "__v": 0,
        "mode": "Add"
    },
    {
        "at": "2022-05-16T16:41:18.405Z",
        "done_by_code": "",
        "_id": "62827eae65429636553957c1",
        "rate": 5200,
        "date": "2022-05-16T16:39:38.506Z",
        "bank_balance": 52904400,
        "balances": 114290220,
        "advances": -527511219,
        "user_defined": [
            {
                "_id": "62827eae65429636553957c2",
                "description": "Mcx",
                "rate": 4000000
            },
            {
                "_id": "62827eae65429636553957c3",
                "description": "excel",
                "rate": 38544310
            }
        ],
        "total": -317772289,
        "gold_convert": -61110.06,
        "stock": 58998,
        "metal_balance": 69,
        "net_stock": -2043.06,
        "remark": "",
        "done_by": "612b95373e9d0a5e41ebdba3",
        "createdAt": "2022-05-16T16:41:18.402Z",
        "updatedAt": "2022-05-16T16:41:18.402Z",
        "__v": 0,
        "mode": "Add"
    },
    {
        "at": "2022-05-18T20:44:06.736Z",
        "done_by_code": "",
        "_id": "62855a9665429636553b1786",
        "rate": 5200,
        "date": "2022-05-18T20:43:41.711Z",
        "bank_balance": -24116910,
        "balances": 73710152,
        "advances": -370608058,
        "user_defined": [
            {
                "_id": "62855a9665429636553b1787",
                "description": "",
                "rate": 34000000
            },
            {
                "_id": "62855a9665429636553b1788",
                "description": "",
                "rate": -3160000
            }
        ],
        "total": -290174816,
        "gold_convert": -55802.85,
        "stock": 41042,
        "metal_balance": 2067,
        "net_stock": -12693.85,
        "remark": "",
        "done_by": "612b95373e9d0a5e41ebdba3",
        "createdAt": "2022-05-18T20:44:06.733Z",
        "updatedAt": "2022-05-18T20:44:06.733Z",
        "__v": 0,
        "mode": "Add"
    },
    {
        "at": "2022-05-18T20:44:26.924Z",
        "done_by_code": "",
        "_id": "62855aaa65429636553b178e",
        "rate": 5200,
        "date": "2022-05-18T20:43:41.711Z",
        "bank_balance": -24116910,
        "balances": 73710152,
        "advances": -370608058,
        "user_defined": [
            {
                "_id": "62855aaa65429636553b178f",
                "description": "",
                "rate": 34000000
            },
            {
                "_id": "62855aaa65429636553b1790",
                "description": "",
                "rate": -3160000
            },
            {
                "_id": "62855aaa65429636553b1791",
                "description": "",
                "rate": 6210000
            },
            {
                "_id": "62855aaa65429636553b1792",
                "description": "",
                "rate": -5356111
            },
            {
                "_id": "62855aaa65429636553b1793",
                "description": "",
                "rate": null
            }
        ],
        "total": -289320927,
        "gold_convert": -55638.64,
        "stock": 41042,
        "metal_balance": 2067,
        "net_stock": -12529.64,
        "remark": "",
        "done_by": "612b95373e9d0a5e41ebdba3",
        "createdAt": "2022-05-18T20:44:26.923Z",
        "updatedAt": "2022-05-18T20:44:26.923Z",
        "__v": 0,
        "mode": "Add"
    },
    {
        "at": "2022-05-18T20:44:28.424Z",
        "done_by_code": "",
        "_id": "62855aac65429636553b1799",
        "rate": 5200,
        "date": "2022-05-18T20:43:41.711Z",
        "bank_balance": -24116910,
        "balances": 73710152,
        "advances": -370608058,
        "user_defined": [
            {
                "_id": "62855aac65429636553b179a",
                "description": "",
                "rate": 34000000
            },
            {
                "_id": "62855aac65429636553b179b",
                "description": "",
                "rate": -3160000
            },
            {
                "_id": "62855aac65429636553b179c",
                "description": "",
                "rate": 6210000
            },
            {
                "_id": "62855aac65429636553b179d",
                "description": "",
                "rate": -5356111
            },
            {
                "_id": "62855aac65429636553b179e",
                "description": "",
                "rate": null
            }
        ],
        "total": -289320927,
        "gold_convert": -55638.64,
        "stock": 41042,
        "metal_balance": 2067,
        "net_stock": -12529.64,
        "remark": "",
        "done_by": "612b95373e9d0a5e41ebdba3",
        "createdAt": "2022-05-18T20:44:28.422Z",
        "updatedAt": "2022-05-18T20:44:28.422Z",
        "__v": 0,
        "mode": "Add"
    },
    {
        "at": "2022-05-18T20:44:30.992Z",
        "done_by_code": "",
        "_id": "62855aae65429636553b17a4",
        "rate": 5200,
        "date": "2022-05-18T20:43:41.711Z",
        "bank_balance": -24116910,
        "balances": 73710152,
        "advances": -370608058,
        "user_defined": [
            {
                "_id": "62855aae65429636553b17a5",
                "description": "",
                "rate": 34000000
            },
            {
                "_id": "62855aae65429636553b17a6",
                "description": "",
                "rate": -3160000
            },
            {
                "_id": "62855aae65429636553b17a7",
                "description": "",
                "rate": 6210000
            },
            {
                "_id": "62855aae65429636553b17a8",
                "description": "",
                "rate": -5356111
            }
        ],
        "total": -289320927,
        "gold_convert": -55638.64,
        "stock": 41042,
        "metal_balance": 2067,
        "net_stock": -12529.64,
        "remark": "",
        "done_by": "612b95373e9d0a5e41ebdba3",
        "createdAt": "2022-05-18T20:44:30.990Z",
        "updatedAt": "2022-05-18T20:44:30.990Z",
        "__v": 0,
        "mode": "Add"
    },
    {
        "at": "2022-05-18T20:44:31.624Z",
        "done_by_code": "",
        "_id": "62855aaf65429636553b17ae",
        "rate": 5200,
        "date": "2022-05-18T20:43:41.711Z",
        "bank_balance": -24116910,
        "balances": 73710152,
        "advances": -370608058,
        "user_defined": [
            {
                "_id": "62855aaf65429636553b17af",
                "description": "",
                "rate": 34000000
            },
            {
                "_id": "62855aaf65429636553b17b0",
                "description": "",
                "rate": -3160000
            },
            {
                "_id": "62855aaf65429636553b17b1",
                "description": "",
                "rate": 6210000
            },
            {
                "_id": "62855aaf65429636553b17b2",
                "description": "",
                "rate": -5356111
            }
        ],
        "total": -289320927,
        "gold_convert": -55638.64,
        "stock": 41042,
        "metal_balance": 2067,
        "net_stock": -12529.64,
        "remark": "",
        "done_by": "612b95373e9d0a5e41ebdba3",
        "createdAt": "2022-05-18T20:44:31.623Z",
        "updatedAt": "2022-05-18T20:44:31.623Z",
        "__v": 0,
        "mode": "Add"
    },
    {
        "at": "2022-05-18T20:44:31.797Z",
        "done_by_code": "",
        "_id": "62855aaf65429636553b17b8",
        "rate": 5200,
        "date": "2022-05-18T20:43:41.711Z",
        "bank_balance": -24116910,
        "balances": 73710152,
        "advances": -370608058,
        "user_defined": [
            {
                "_id": "62855aaf65429636553b17b9",
                "description": "",
                "rate": 34000000
            },
            {
                "_id": "62855aaf65429636553b17ba",
                "description": "",
                "rate": -3160000
            },
            {
                "_id": "62855aaf65429636553b17bb",
                "description": "",
                "rate": 6210000
            },
            {
                "_id": "62855aaf65429636553b17bc",
                "description": "",
                "rate": -5356111
            }
        ],
        "total": -289320927,
        "gold_convert": -55638.64,
        "stock": 41042,
        "metal_balance": 2067,
        "net_stock": -12529.64,
        "remark": "",
        "done_by": "612b95373e9d0a5e41ebdba3",
        "createdAt": "2022-05-18T20:44:31.796Z",
        "updatedAt": "2022-05-18T20:44:31.796Z",
        "__v": 0,
        "mode": "Add"
    },
    {
        "at": "2022-05-18T20:44:32.959Z",
        "done_by_code": "",
        "_id": "62855ab065429636553b17c2",
        "rate": 5200,
        "date": "2022-05-18T20:43:41.711Z",
        "bank_balance": -24116910,
        "balances": 73710152,
        "advances": -370608058,
        "user_defined": [
            {
                "_id": "62855ab065429636553b17c3",
                "description": "",
                "rate": 34000000
            },
            {
                "_id": "62855ab065429636553b17c4",
                "description": "",
                "rate": -3160000
            },
            {
                "_id": "62855ab065429636553b17c5",
                "description": "",
                "rate": 6210000
            },
            {
                "_id": "62855ab065429636553b17c6",
                "description": "",
                "rate": -5356111
            }
        ],
        "total": -289320927,
        "gold_convert": -55638.64,
        "stock": 41042,
        "metal_balance": 2067,
        "net_stock": -12529.64,
        "remark": "",
        "done_by": "612b95373e9d0a5e41ebdba3",
        "createdAt": "2022-05-18T20:44:32.958Z",
        "updatedAt": "2022-05-18T20:44:32.958Z",
        "__v": 0,
        "mode": "Add"
    },
    {
        "at": "2022-05-18T20:44:33.103Z",
        "done_by_code": "",
        "_id": "62855ab165429636553b17cc",
        "rate": 5200,
        "date": "2022-05-18T20:43:41.711Z",
        "bank_balance": -24116910,
        "balances": 73710152,
        "advances": -370608058,
        "user_defined": [
            {
                "_id": "62855ab165429636553b17cd",
                "description": "",
                "rate": 34000000
            },
            {
                "_id": "62855ab165429636553b17ce",
                "description": "",
                "rate": -3160000
            },
            {
                "_id": "62855ab165429636553b17cf",
                "description": "",
                "rate": 6210000
            },
            {
                "_id": "62855ab165429636553b17d0",
                "description": "",
                "rate": -5356111
            }
        ],
        "total": -289320927,
        "gold_convert": -55638.64,
        "stock": 41042,
        "metal_balance": 2067,
        "net_stock": -12529.64,
        "remark": "",
        "done_by": "612b95373e9d0a5e41ebdba3",
        "createdAt": "2022-05-18T20:44:33.102Z",
        "updatedAt": "2022-05-18T20:44:33.102Z",
        "__v": 0,
        "mode": "Add"
    },
    {
        "at": "2022-05-18T20:44:33.302Z",
        "done_by_code": "",
        "_id": "62855ab165429636553b17d6",
        "rate": 5200,
        "date": "2022-05-18T20:43:41.711Z",
        "bank_balance": -24116910,
        "balances": 73710152,
        "advances": -370608058,
        "user_defined": [
            {
                "_id": "62855ab165429636553b17d7",
                "description": "",
                "rate": 34000000
            },
            {
                "_id": "62855ab165429636553b17d8",
                "description": "",
                "rate": -3160000
            },
            {
                "_id": "62855ab165429636553b17d9",
                "description": "",
                "rate": 6210000
            },
            {
                "_id": "62855ab165429636553b17da",
                "description": "",
                "rate": -5356111
            }
        ],
        "total": -289320927,
        "gold_convert": -55638.64,
        "stock": 41042,
        "metal_balance": 2067,
        "net_stock": -12529.64,
        "remark": "",
        "done_by": "612b95373e9d0a5e41ebdba3",
        "createdAt": "2022-05-18T20:44:33.301Z",
        "updatedAt": "2022-05-18T20:44:33.301Z",
        "__v": 0,
        "mode": "Add"
    },
    {
        "at": "2022-05-18T20:44:33.479Z",
        "done_by_code": "",
        "_id": "62855ab165429636553b17e0",
        "rate": 5200,
        "date": "2022-05-18T20:43:41.711Z",
        "bank_balance": -24116910,
        "balances": 73710152,
        "advances": -370608058,
        "user_defined": [
            {
                "_id": "62855ab165429636553b17e1",
                "description": "",
                "rate": 34000000
            },
            {
                "_id": "62855ab165429636553b17e2",
                "description": "",
                "rate": -3160000
            },
            {
                "_id": "62855ab165429636553b17e3",
                "description": "",
                "rate": 6210000
            },
            {
                "_id": "62855ab165429636553b17e4",
                "description": "",
                "rate": -5356111
            }
        ],
        "total": -289320927,
        "gold_convert": -55638.64,
        "stock": 41042,
        "metal_balance": 2067,
        "net_stock": -12529.64,
        "remark": "",
        "done_by": "612b95373e9d0a5e41ebdba3",
        "createdAt": "2022-05-18T20:44:33.477Z",
        "updatedAt": "2022-05-18T20:44:33.477Z",
        "__v": 0,
        "mode": "Add"
    },
    {
        "at": "2022-05-18T20:44:34.589Z",
        "done_by_code": "",
        "_id": "62855ab265429636553b17ea",
        "rate": 5200,
        "date": "2022-05-18T20:43:41.711Z",
        "bank_balance": -24116910,
        "balances": 73710152,
        "advances": -370608058,
        "user_defined": [
            {
                "_id": "62855ab265429636553b17eb",
                "description": "",
                "rate": 34000000
            },
            {
                "_id": "62855ab265429636553b17ec",
                "description": "",
                "rate": -3160000
            },
            {
                "_id": "62855ab265429636553b17ed",
                "description": "",
                "rate": 6210000
            },
            {
                "_id": "62855ab265429636553b17ee",
                "description": "",
                "rate": -5356111
            }
        ],
        "total": -289320927,
        "gold_convert": -55638.64,
        "stock": 41042,
        "metal_balance": 2067,
        "net_stock": -12529.64,
        "remark": "",
        "done_by": "612b95373e9d0a5e41ebdba3",
        "createdAt": "2022-05-18T20:44:34.588Z",
        "updatedAt": "2022-05-18T20:44:34.588Z",
        "__v": 0,
        "mode": "Add"
    },
    {
        "at": "2022-05-18T20:44:59.533Z",
        "done_by_code": "",
        "_id": "62855acb65429636553b183b",
        "rate": 5200,
        "date": "2022-05-18T20:44:31.446Z",
        "bank_balance": -24116910,
        "balances": 73710152,
        "advances": -370608058,
        "user_defined": [
            {
                "_id": "62855acb65429636553b183c",
                "description": "",
                "rate": 31700000
            }
        ],
        "total": -289314816,
        "gold_convert": -55637.46,
        "stock": 41042,
        "metal_balance": 2067,
        "net_stock": -12528.46,
        "remark": "",
        "done_by": "612b95373e9d0a5e41ebdba3",
        "createdAt": "2022-05-18T20:44:59.532Z",
        "updatedAt": "2022-05-18T20:44:59.532Z",
        "__v": 0,
        "mode": "Add"
    },
    {
        "at": "2022-05-19T06:43:07.404Z",
        "done_by_code": "",
        "_id": "6285e6fb65429636553b2e3a",
        "rate": 5200,
        "date": "2022-05-19T06:40:07.792Z",
        "bank_balance": 83668729,
        "balances": 60633005,
        "advances": -464305214,
        "user_defined": [
            {
                "_id": "6285e6fb65429636553b2e3b",
                "description": "",
                "rate": 33878000
            },
            {
                "_id": "6285e6fb65429636553b2e3c",
                "description": "",
                "rate": -2200000
            },
            {
                "_id": "6285e6fb65429636553b2e3d",
                "description": "",
                "rate": null
            }
        ],
        "total": -288325480,
        "gold_convert": -55447.21,
        "stock": 40892,
        "metal_balance": 2018,
        "net_stock": -12537.21,
        "remark": "",
        "done_by": "612b95373e9d0a5e41ebdba3",
        "createdAt": "2022-05-19T06:43:07.400Z",
        "updatedAt": "2022-05-19T06:43:07.400Z",
        "__v": 0,
        "mode": "Add"
    },
    {
        "at": "2022-05-23T18:05:45.858Z",
        "done_by_code": "",
        "_id": "628bccf979426f73f0b9cc11",
        "rate": 5270,
        "date": "2022-05-23T18:04:58.474Z",
        "bank_balance": -4001060,
        "balances": 70618294,
        "advances": -408880032,
        "user_defined": [
            {
                "_id": "628bccf979426f73f0b9cc12",
                "description": "RD",
                "rate": 37500000
            }
        ],
        "total": -304762798,
        "gold_convert": -57829.75,
        "stock": 52839,
        "metal_balance": 321,
        "net_stock": -4669.75,
        "remark": "",
        "done_by": "612b95373e9d0a5e41ebdba3",
        "createdAt": "2022-05-23T18:05:45.853Z",
        "updatedAt": "2022-05-23T18:05:45.853Z",
        "__v": 0,
        "mode": "Add"
    },
    {
        "at": "2022-05-23T18:05:56.625Z",
        "done_by_code": "",
        "_id": "628bcd0479426f73f0b9cc18",
        "rate": 5270,
        "date": "2022-05-23T18:04:58.474Z",
        "bank_balance": -4001060,
        "balances": 70618294,
        "advances": -408880032,
        "user_defined": [
            {
                "_id": "628bcd0479426f73f0b9cc19",
                "description": "RD",
                "rate": 39000000
            }
        ],
        "total": -303262798,
        "gold_convert": -57545.12,
        "stock": 52839,
        "metal_balance": 321,
        "net_stock": -4385.12,
        "remark": "",
        "done_by": "612b95373e9d0a5e41ebdba3",
        "createdAt": "2022-05-23T18:05:56.624Z",
        "updatedAt": "2022-05-23T18:05:56.624Z",
        "__v": 0,
        "mode": "Add"
    },
    {
        "at": "2022-05-23T18:06:20.763Z",
        "done_by_code": "",
        "_id": "628bcd1c79426f73f0b9cc1f",
        "rate": 5270,
        "date": "2022-05-23T18:04:58.474Z",
        "bank_balance": -4001060,
        "balances": 70618294,
        "advances": -408880032,
        "user_defined": [
            {
                "_id": "628bcd1c79426f73f0b9cc20",
                "description": "RD",
                "rate": 39500000
            }
        ],
        "total": -302762798,
        "gold_convert": -57450.25,
        "stock": 52839,
        "metal_balance": 321,
        "net_stock": -4290.25,
        "remark": "",
        "done_by": "612b95373e9d0a5e41ebdba3",
        "createdAt": "2022-05-23T18:06:20.762Z",
        "updatedAt": "2022-05-23T18:06:20.762Z",
        "__v": 0,
        "mode": "Add"
    },
    {
        "at": "2022-05-23T18:07:29.358Z",
        "done_by_code": "",
        "_id": "628bcd6179426f73f0b9cc26",
        "rate": 5270,
        "date": "2022-05-23T18:04:58.474Z",
        "bank_balance": -4001060,
        "balances": 70618294,
        "advances": -408880032,
        "user_defined": [
            {
                "_id": "628bcd6179426f73f0b9cc27",
                "description": "RD",
                "rate": 39000000
            },
            {
                "_id": "628bcd6179426f73f0b9cc28",
                "description": "SX",
                "rate": 500000
            },
            {
                "_id": "628bcd6179426f73f0b9cc29",
                "description": "TDS Payable",
                "rate": -5440000
            },
            {
                "_id": "628bcd6179426f73f0b9cc2a",
                "description": "Q4 TDS refund",
                "rate": 3465000
            }
        ],
        "total": -304737798,
        "gold_convert": -57825.01,
        "stock": 52839,
        "metal_balance": 321,
        "net_stock": -4665.01,
        "remark": "",
        "done_by": "612b95373e9d0a5e41ebdba3",
        "createdAt": "2022-05-23T18:07:29.357Z",
        "updatedAt": "2022-05-23T18:07:29.357Z",
        "__v": 0,
        "mode": "Add"
    },
    {
        "at": "2022-05-23T18:19:04.854Z",
        "done_by_code": "",
        "_id": "628bd01879426f73f0b9cc69",
        "rate": 5270,
        "date": "2022-05-23T18:04:58.474Z",
        "bank_balance": -4001060,
        "balances": 70618294,
        "advances": -408880032,
        "user_defined": [
            {
                "_id": "628bd01879426f73f0b9cc6a",
                "description": "RD",
                "rate": 39000000
            },
            {
                "_id": "628bd01879426f73f0b9cc6b",
                "description": "SX",
                "rate": 500000
            },
            {
                "_id": "628bd01879426f73f0b9cc6c",
                "description": "TDS Payable",
                "rate": -5440000
            },
            {
                "_id": "628bd01879426f73f0b9cc6d",
                "description": "Q4 TDS refund",
                "rate": 3465000
            }
        ],
        "total": -304737798,
        "gold_convert": -57825.01,
        "stock": 52839,
        "metal_balance": 321,
        "net_stock": -4665.01,
        "remark": "",
        "done_by": "612b95373e9d0a5e41ebdba3",
        "createdAt": "2022-05-23T18:19:04.850Z",
        "updatedAt": "2022-05-23T18:19:04.850Z",
        "__v": 0,
        "mode": "Add"
    },
    {
        "at": "2022-05-23T18:19:05.933Z",
        "done_by_code": "",
        "_id": "628bd01979426f73f0b9cc73",
        "rate": 5270,
        "date": "2022-05-23T18:04:58.474Z",
        "bank_balance": -4001060,
        "balances": 70618294,
        "advances": -408880032,
        "user_defined": [
            {
                "_id": "628bd01979426f73f0b9cc74",
                "description": "RD",
                "rate": 39000000
            },
            {
                "_id": "628bd01979426f73f0b9cc75",
                "description": "SX",
                "rate": 500000
            },
            {
                "_id": "628bd01979426f73f0b9cc76",
                "description": "TDS Payable",
                "rate": -5440000
            },
            {
                "_id": "628bd01979426f73f0b9cc77",
                "description": "Q4 TDS refund",
                "rate": 3465000
            }
        ],
        "total": -304737798,
        "gold_convert": -57825.01,
        "stock": 52839,
        "metal_balance": 321,
        "net_stock": -4665.01,
        "remark": "",
        "done_by": "612b95373e9d0a5e41ebdba3",
        "createdAt": "2022-05-23T18:19:05.931Z",
        "updatedAt": "2022-05-23T18:19:05.931Z",
        "__v": 0,
        "mode": "Add"
    },
    {
        "at": "2022-05-23T18:19:06.467Z",
        "done_by_code": "",
        "_id": "628bd01a79426f73f0b9cc7d",
        "rate": 5270,
        "date": "2022-05-23T18:04:58.474Z",
        "bank_balance": -4001060,
        "balances": 70618294,
        "advances": -408880032,
        "user_defined": [
            {
                "_id": "628bd01a79426f73f0b9cc7e",
                "description": "RD",
                "rate": 39000000
            },
            {
                "_id": "628bd01a79426f73f0b9cc7f",
                "description": "SX",
                "rate": 500000
            },
            {
                "_id": "628bd01a79426f73f0b9cc80",
                "description": "TDS Payable",
                "rate": -5440000
            },
            {
                "_id": "628bd01a79426f73f0b9cc81",
                "description": "Q4 TDS refund",
                "rate": 3465000
            }
        ],
        "total": -304737798,
        "gold_convert": -57825.01,
        "stock": 52839,
        "metal_balance": 321,
        "net_stock": -4665.01,
        "remark": "",
        "done_by": "612b95373e9d0a5e41ebdba3",
        "createdAt": "2022-05-23T18:19:06.466Z",
        "updatedAt": "2022-05-23T18:19:06.466Z",
        "__v": 0,
        "mode": "Add"
    },
    {
        "at": "2022-05-23T18:19:06.777Z",
        "done_by_code": "",
        "_id": "628bd01a79426f73f0b9cc87",
        "rate": 5270,
        "date": "2022-05-23T18:04:58.474Z",
        "bank_balance": -4001060,
        "balances": 70618294,
        "advances": -408880032,
        "user_defined": [
            {
                "_id": "628bd01a79426f73f0b9cc88",
                "description": "RD",
                "rate": 39000000
            },
            {
                "_id": "628bd01a79426f73f0b9cc89",
                "description": "SX",
                "rate": 500000
            },
            {
                "_id": "628bd01a79426f73f0b9cc8a",
                "description": "TDS Payable",
                "rate": -5440000
            },
            {
                "_id": "628bd01a79426f73f0b9cc8b",
                "description": "Q4 TDS refund",
                "rate": 3465000
            }
        ],
        "total": -304737798,
        "gold_convert": -57825.01,
        "stock": 52839,
        "metal_balance": 321,
        "net_stock": -4665.01,
        "remark": "",
        "done_by": "612b95373e9d0a5e41ebdba3",
        "createdAt": "2022-05-23T18:19:06.776Z",
        "updatedAt": "2022-05-23T18:19:06.776Z",
        "__v": 0,
        "mode": "Add"
    },
    {
        "at": "2022-05-23T18:19:18.461Z",
        "done_by_code": "",
        "_id": "628bd02679426f73f0b9cc91",
        "rate": 5270,
        "date": "2022-05-23T18:04:58.474Z",
        "bank_balance": -4001060,
        "balances": 70618294,
        "advances": -408880032,
        "user_defined": [
            {
                "_id": "628bd02679426f73f0b9cc92",
                "description": "RD",
                "rate": 39000000
            },
            {
                "_id": "628bd02679426f73f0b9cc93",
                "description": "SX",
                "rate": 500000
            },
            {
                "_id": "628bd02679426f73f0b9cc94",
                "description": "TDS Payable",
                "rate": -5440000
            },
            {
                "_id": "628bd02679426f73f0b9cc95",
                "description": "Q4 TDS refund",
                "rate": 34650000
            }
        ],
        "total": -273552798,
        "gold_convert": -51907.55,
        "stock": 52839,
        "metal_balance": 321,
        "net_stock": 1252.45,
        "remark": "",
        "done_by": "612b95373e9d0a5e41ebdba3",
        "createdAt": "2022-05-23T18:19:18.460Z",
        "updatedAt": "2022-05-23T18:19:18.460Z",
        "__v": 0,
        "mode": "Add"
    },
    {
        "at": "2022-05-23T18:19:22.473Z",
        "done_by_code": "",
        "_id": "628bd02a79426f73f0b9cc9b",
        "rate": 5270,
        "date": "2022-05-23T18:04:58.474Z",
        "bank_balance": -4001060,
        "balances": 70618294,
        "advances": -408880032,
        "user_defined": [
            {
                "_id": "628bd02a79426f73f0b9cc9c",
                "description": "RD",
                "rate": 39000000
            },
            {
                "_id": "628bd02a79426f73f0b9cc9d",
                "description": "SX",
                "rate": 500000
            },
            {
                "_id": "628bd02a79426f73f0b9cc9e",
                "description": "TDS Payable",
                "rate": -5440000
            },
            {
                "_id": "628bd02a79426f73f0b9cc9f",
                "description": "Q4 TDS refund",
                "rate": 3465000
            }
        ],
        "total": -304737798,
        "gold_convert": -57825.01,
        "stock": 52839,
        "metal_balance": 321,
        "net_stock": -4665.01,
        "remark": "",
        "done_by": "612b95373e9d0a5e41ebdba3",
        "createdAt": "2022-05-23T18:19:22.465Z",
        "updatedAt": "2022-05-23T18:19:22.465Z",
        "__v": 0,
        "mode": "Add"
    },
    {
        "at": "2022-05-24T10:01:36.930Z",
        "done_by_code": "",
        "_id": "628cad0079426f73f0b9fc9e",
        "rate": 5300,
        "date": "2022-05-24T09:58:58.757Z",
        "bank_balance": 148348222,
        "balances": 108294159,
        "advances": -601703498,
        "user_defined": [],
        "total": -345061117,
        "gold_convert": -65105.87,
        "stock": 53263,
        "metal_balance": 428,
        "net_stock": -11414.87,
        "remark": "",
        "done_by": "612b95373e9d0a5e41ebdba3",
        "createdAt": "2022-05-24T10:01:36.925Z",
        "updatedAt": "2022-05-24T10:01:36.925Z",
        "__v": 0,
        "mode": "Add"
    },
    {
        "at": "2022-05-24T10:04:13.184Z",
        "done_by_code": "",
        "_id": "628cad9d79426f73f0b9fcfd",
        "rate": 1,
        "date": "2022-05-24T10:04:03.114Z",
        "bank_balance": 148348222,
        "balances": 108294159,
        "advances": -601703498,
        "user_defined": [],
        "total": -345061117,
        "gold_convert": -345061117,
        "stock": 53263,
        "metal_balance": 428,
        "net_stock": -345007426,
        "remark": "",
        "done_by": "612b95373e9d0a5e41ebdba3",
        "createdAt": "2022-05-24T10:04:13.179Z",
        "updatedAt": "2022-05-24T10:04:13.179Z",
        "__v": 0,
        "mode": "Add"
    },
    {
        "at": "2022-05-24T10:04:33.373Z",
        "done_by_code": "",
        "_id": "628cadb179426f73f0b9fd5c",
        "rate": 5300,
        "date": "2022-05-24T10:04:23.473Z",
        "bank_balance": 148348222,
        "balances": 108294159,
        "advances": -601703498,
        "user_defined": [],
        "total": -345061117,
        "gold_convert": -65105.87,
        "stock": 53263,
        "metal_balance": 428,
        "net_stock": -11414.87,
        "remark": "",
        "done_by": "612b95373e9d0a5e41ebdba3",
        "createdAt": "2022-05-24T10:04:33.372Z",
        "updatedAt": "2022-05-24T10:04:33.372Z",
        "__v": 0,
        "mode": "Add"
    },
    {
        "at": "2022-05-24T10:07:11.183Z",
        "done_by_code": "",
        "_id": "628cae4f79426f73f0b9fdbb",
        "rate": 5300,
        "date": "2022-05-24T10:07:02.099Z",
        "bank_balance": 148348222,
        "balances": 108294159,
        "advances": -601703498,
        "user_defined": [],
        "total": -345061117,
        "gold_convert": -65105.87,
        "stock": 53263,
        "metal_balance": 428,
        "net_stock": -11414.87,
        "remark": "",
        "done_by": "612b95373e9d0a5e41ebdba3",
        "createdAt": "2022-05-24T10:07:11.182Z",
        "updatedAt": "2022-05-24T10:07:11.182Z",
        "__v": 0,
        "mode": "Add"
    },
    {
        "at": "2022-05-24T10:07:19.434Z",
        "done_by_code": "",
        "_id": "628cae5779426f73f0b9fdc1",
        "rate": 5300,
        "date": "2022-05-24T10:07:02.099Z",
        "bank_balance": 148348222,
        "balances": 108294159,
        "advances": -601703498,
        "user_defined": [],
        "total": -345061117,
        "gold_convert": -65105.87,
        "stock": 53263,
        "metal_balance": 428,
        "net_stock": -11414.87,
        "remark": "",
        "done_by": "612b95373e9d0a5e41ebdba3",
        "createdAt": "2022-05-24T10:07:19.434Z",
        "updatedAt": "2022-05-24T10:07:19.434Z",
        "__v": 0,
        "mode": "Add"
    },
    {
        "at": "2022-05-24T10:07:22.709Z",
        "done_by_code": "",
        "_id": "628cae5a79426f73f0b9fdc7",
        "rate": 5300,
        "date": "2022-05-24T10:07:02.099Z",
        "bank_balance": 148348222,
        "balances": 108294159,
        "advances": -601703498,
        "user_defined": [],
        "total": -345061117,
        "gold_convert": -65105.87,
        "stock": 53263,
        "metal_balance": 428,
        "net_stock": -11414.87,
        "remark": "",
        "done_by": "612b95373e9d0a5e41ebdba3",
        "createdAt": "2022-05-24T10:07:22.708Z",
        "updatedAt": "2022-05-24T10:07:22.708Z",
        "__v": 0,
        "mode": "Add"
    },
    {
        "at": "2022-05-24T10:07:42.139Z",
        "done_by_code": "",
        "_id": "628cae6e79426f73f0b9fe26",
        "rate": 5300,
        "date": "2022-05-24T10:07:25.993Z",
        "bank_balance": 148348222,
        "balances": 108294159,
        "advances": -601703498,
        "user_defined": [],
        "total": -345061117,
        "gold_convert": -65105.87,
        "stock": 53263,
        "metal_balance": 428,
        "net_stock": -11414.87,
        "remark": "",
        "done_by": "612b95373e9d0a5e41ebdba3",
        "createdAt": "2022-05-24T10:07:42.138Z",
        "updatedAt": "2022-05-24T10:07:42.138Z",
        "__v": 0,
        "mode": "Add"
    },
    {
        "at": "2022-05-24T10:08:00.677Z",
        "done_by_code": "",
        "_id": "628cae8079426f73f0b9fe85",
        "rate": 5300,
        "date": "2022-05-24T10:07:51.473Z",
        "bank_balance": 148348222,
        "balances": 108294159,
        "advances": -601703498,
        "user_defined": [],
        "total": -345061117,
        "gold_convert": -65105.87,
        "stock": 53263,
        "metal_balance": 428,
        "net_stock": -11414.87,
        "remark": "",
        "done_by": "612b95373e9d0a5e41ebdba3",
        "createdAt": "2022-05-24T10:08:00.676Z",
        "updatedAt": "2022-05-24T10:08:00.676Z",
        "__v": 0,
        "mode": "Add"
    },
    {
        "at": "2022-05-24T15:49:02.662Z",
        "done_by_code": "",
        "_id": "628cfe6e79426f73f0ba4dee",
        "rate": 5300,
        "date": "2022-05-24T15:48:33.205Z",
        "bank_balance": -19389940,
        "balances": 122279599,
        "advances": -468279551,
        "user_defined": [],
        "total": -365389892,
        "gold_convert": -68941.49,
        "stock": 61044,
        "metal_balance": 623,
        "net_stock": -7274.49,
        "remark": "",
        "done_by": "612b95373e9d0a5e41ebdba3",
        "createdAt": "2022-05-24T15:49:02.658Z",
        "updatedAt": "2022-05-24T15:49:02.658Z",
        "__v": 0,
        "mode": "Add"
    },
    {
        "at": "2022-05-25T01:07:05.737Z",
        "done_by_code": "",
        "_id": "628d813979426f73f0ba5b05",
        "rate": 5300,
        "date": "2022-05-25T01:06:16.114Z",
        "bank_balance": -19389940,
        "balances": 122279599,
        "advances": -468279551,
        "user_defined": [],
        "total": -365389892,
        "gold_convert": -68941.49,
        "stock": 61044,
        "metal_balance": 623,
        "net_stock": -7274.49,
        "remark": "",
        "done_by": "612b95373e9d0a5e41ebdba3",
        "createdAt": "2022-05-25T01:07:05.733Z",
        "updatedAt": "2022-05-25T01:07:05.733Z",
        "__v": 0,
        "mode": "Add"
    },
    {
        "at": "2022-05-27T01:57:09.642Z",
        "done_by_code": "",
        "_id": "62902ff5c08f5d1108bb72a2",
        "rate": 5300,
        "date": "2022-05-27T01:55:10.941Z",
        "bank_balance": -13513590,
        "balances": 67342249,
        "advances": -418122578,
        "user_defined": [],
        "total": -364293919,
        "gold_convert": -68734.7,
        "stock": 59627,
        "metal_balance": 202,
        "net_stock": -8905.7,
        "remark": "",
        "done_by": "612b95373e9d0a5e41ebdba3",
        "createdAt": "2022-05-27T01:57:09.638Z",
        "updatedAt": "2022-05-27T01:57:09.638Z",
        "__v": 0,
        "mode": "Add"
    },
    {
        "at": "2022-05-27T15:39:34.244Z",
        "done_by_code": "",
        "_id": "6290f0b6c08f5d1108bbae4c",
        "rate": 5300,
        "date": "2022-05-27T15:39:23.721Z",
        "bank_balance": -26188025,
        "balances": 167164295,
        "advances": -496721190,
        "user_defined": [],
        "total": -355744920,
        "gold_convert": -67121.68,
        "stock": 57551,
        "metal_balance": 639,
        "net_stock": -8931.68,
        "remark": "",
        "done_by": "612b95373e9d0a5e41ebdba3",
        "createdAt": "2022-05-27T15:39:34.243Z",
        "updatedAt": "2022-05-27T15:39:34.243Z",
        "__v": 0,
        "mode": "Add"
    },
    {
        "at": "2022-05-28T13:53:33.261Z",
        "done_by_code": "",
        "_id": "6292295d980f1b77b1f91c07",
        "rate": 5200,
        "date": "2022-05-28T13:53:20.887Z",
        "bank_balance": -1325284,
        "balances": 73165403,
        "advances": -465583937,
        "user_defined": [],
        "total": -393743818,
        "gold_convert": -75719.96,
        "stock": 1113,
        "metal_balance": 64541,
        "net_stock": -10065.96,
        "remark": "",
        "done_by": "612b95373e9d0a5e41ebdba3",
        "createdAt": "2022-05-28T13:53:33.257Z",
        "updatedAt": "2022-05-28T13:53:33.257Z",
        "__v": 0,
        "mode": "Add"
    },
    {
        "at": "2022-05-29T04:51:40.940Z",
        "done_by_code": "",
        "_id": "6292fbdcd51e2e139109fa85",
        "rate": 5200,
        "date": "2022-05-29T04:50:54.809Z",
        "bank_balance": -1325284,
        "balances": 73165403,
        "advances": -465583937,
        "user_defined": [],
        "total": -393743818,
        "gold_convert": -75719.96,
        "stock": 1113,
        "metal_balance": 64541,
        "net_stock": -10065.96,
        "remark": "",
        "done_by": "612b95373e9d0a5e41ebdba3",
        "createdAt": "2022-05-29T04:51:40.936Z",
        "updatedAt": "2022-05-29T04:51:40.936Z",
        "__v": 0,
        "mode": "Add"
    },
    {
        "at": "2022-05-30T05:33:36.632Z",
        "done_by_code": "",
        "_id": "62945730a6b0de21eb0ca8de",
        "rate": 5280,
        "date": "2022-05-30T05:31:12.686Z",
        "bank_balance": -204454,
        "balances": 73038533,
        "advances": -464051604,
        "user_defined": [
            {
                "_id": "62945730a6b0de21eb0ca8df",
                "description": "sx",
                "rate": 600000
            },
            {
                "_id": "62945730a6b0de21eb0ca8e0",
                "description": "RD",
                "rate": 39805639
            },
            {
                "_id": "62945730a6b0de21eb0ca8e1",
                "description": "tds payable",
                "rate": -5993361
            },
            {
                "_id": "62945730a6b0de21eb0ca8e2",
                "description": "Tds refunds",
                "rate": 3465000
            },
            {
                "_id": "62945730a6b0de21eb0ca8e3",
                "description": "SJ $",
                "rate": 965000
            }
        ],
        "total": -352375247,
        "gold_convert": -66737.74,
        "stock": 629,
        "metal_balance": 64541,
        "net_stock": -1567.74,
        "remark": "",
        "done_by": "612b95373e9d0a5e41ebdba3",
        "createdAt": "2022-05-30T05:33:36.627Z",
        "updatedAt": "2022-05-30T05:33:36.627Z",
        "__v": 0,
        "mode": "Add"
    },
    {
        "at": "2022-06-26T16:37:21.943Z",
        "done_by_code": "",
        "_id": "62b88b4180365811cd220401",
        "done_by": "612b95373e9d0a5e41ebdba3",
        "date": "2022-06-26T16:37:21.935Z",
        "user_defined": [],
        "createdAt": "2022-06-26T16:37:21.937Z",
        "updatedAt": "2022-06-26T16:37:21.937Z",
        "__v": 0,
        "mode": "Add"
    }
]