[{"at":"2021-10-12T08:26:25.258Z","done_by_code":"","data":{"category":["61447751e319a86fe5c1a7a5"],"do_not_maintain_inventory":true,"stop_transaction":true,"status":true,"_id":"616546b122fb974515dd532c","product_name":"FT 99.92","print_name":"FT 99.92","code":"FT 99.92","group":"61447743e319a86fe5c1a78f","brand":"6144775ae319a86fe5c1a7b6","unit":"Gram","tax_id":"6141aa90aabf866b601392e9","decimals":0,"touch":99.92,"remarks":"0","opening_stock":null,"opening_balance_date":null,"done_by":"612b95373e9d0a5e41ebdba3","book_id":"612b9ec73e9d0a5e41ebdbb4","sub_book_id":"612b9ee03e9d0a5e41ebdbb7","createdAt":"2021-10-12T08:26:25.255Z","updatedAt":"2021-10-12T08:26:25.255Z","__v":0},"mode":"Add"},{"at":"2021-10-12T15:12:42.084Z","done_by_code":"","data":{"category":["61447751e319a86fe5c1a7a5"],"do_not_maintain_inventory":true,"stop_transaction":true,"status":true,"_id":"6165a5ea22fb974515ddbd92","product_name":"FT - 99.93","print_name":"FT - 99.93","code":"FT - 99.93","group":"61447743e319a86fe5c1a78f","brand":"6144775ae319a86fe5c1a7b6","unit":"Gram","tax_id":"6141aa90aabf866b601392e9","decimals":2,"touch":99.93,"remarks":"0","opening_stock":null,"opening_balance_date":null,"done_by":"612b95373e9d0a5e41ebdba3","book_id":"612b9ec73e9d0a5e41ebdbb4","sub_book_id":"612b9ee03e9d0a5e41ebdbb7","createdAt":"2021-10-12T15:12:42.082Z","updatedAt":"2021-10-12T15:12:42.082Z","__v":0},"mode":"Add"},{"at":"2021-10-13T15:13:35.347Z","done_by_code":"","data":{"category":["61447751e319a86fe5c1a7a5"],"do_not_maintain_inventory":true,"stop_transaction":true,"status":true,"_id":"6166f79f22fb974515de67a8","product_name":"FT - 99.70","print_name":"FT - 99.70","code":"FT - 99.70","group":"61447743e319a86fe5c1a78f","brand":"6144775ae319a86fe5c1a7b6","unit":"Gram","tax_id":"6141aa90aabf866b601392e9","decimals":2,"touch":99.7,"remarks":"0","opening_stock":null,"opening_balance_date":null,"done_by":"612b95373e9d0a5e41ebdba3","book_id":"612b9ec73e9d0a5e41ebdbb4","sub_book_id":"612b9ee03e9d0a5e41ebdbb7","createdAt":"2021-10-13T15:13:35.344Z","updatedAt":"2021-10-13T15:13:35.344Z","__v":0},"mode":"Add"},{"at":"2021-10-18T12:58:41.845Z","done_by_code":"","data":{"category":["61447751e319a86fe5c1a7a5"],"do_not_maintain_inventory":true,"stop_transaction":true,"status":true,"_id":"616d6f8122fb974515df7fe4","product_name":"FT - 99.88","print_name":"FT - 99.88","code":"FT - 99.88","group":"61447743e319a86fe5c1a78f","brand":"6144775ae319a86fe5c1a7b6","unit":"Gram","tax_id":"6141aa90aabf866b601392e9","decimals":2,"touch":99.88,"remarks":"99.88","opening_stock":null,"opening_balance_date":null,"done_by":"612b95373e9d0a5e41ebdba3","book_id":"612b9ec73e9d0a5e41ebdbb4","sub_book_id":"612b9ee03e9d0a5e41ebdbb7","createdAt":"2021-10-18T12:58:41.841Z","updatedAt":"2021-10-18T12:58:41.841Z","__v":0},"mode":"Add"},{"at":"2021-10-18T12:59:30.025Z","done_by_code":"","data":{"category":["61447751e319a86fe5c1a7a5"],"do_not_maintain_inventory":true,"stop_transaction":true,"status":true,"_id":"616d6fb222fb974515df8032","product_name":"FT - 99.39","print_name":"FT - 99.39","code":"FT - 99.39","group":"61447743e319a86fe5c1a78f","brand":"6144775ae319a86fe5c1a7b6","unit":"Gram","tax_id":"6141aa90aabf866b601392e9","decimals":2,"touch":99.39,"remarks":"99.39","opening_stock":null,"opening_balance_date":null,"done_by":"612b95373e9d0a5e41ebdba3","book_id":"612b9ec73e9d0a5e41ebdbb4","sub_book_id":"612b9ee03e9d0a5e41ebdbb7","createdAt":"2021-10-18T12:59:30.023Z","updatedAt":"2021-10-18T12:59:30.023Z","__v":0},"mode":"Add"},{"at":"2021-10-22T15:00:10.205Z","done_by_code":"","data":{"category":["61447751e319a86fe5c1a7a5"],"do_not_maintain_inventory":true,"stop_transaction":true,"status":true,"_id":"61498ceb8408bf6ca0f809b6","product_name":"BAR - 99.50","print_name":"BAR - 99.50","code":"BAR - 99.50","group":"61447743e319a86fe5c1a78f","brand":"6144775ae319a86fe5c1a7b6","unit":"Gram","tax_id":"6141aa90aabf866b601392e9","decimals":2,"touch":99.5,"remarks":"test 99.50 agrim stock 40.20 adj","done_by":"612b95373e9d0a5e41ebdba3","book_id":"612b9ec73e9d0a5e41ebdbb4","sub_book_id":"612b9ee03e9d0a5e41ebdbb7","createdAt":"2021-09-21T07:42:35.629Z","updatedAt":"2021-10-22T15:00:10.196Z","__v":0,"opening_balance_date":"2021-10-07T05:26:23.622Z","opening_stock":11017.37},"mode":"Update"}]