[{"at":"2022-08-08T17:58:19.197Z","done_by_code":"","data":{"_id":"62f14ebb2153a559643c4b70","book_id":"62ed0600d07bc940c8ce2c93","sub_book_id":"62ed0600d07bc940c8ce2c96","user_id":"62ed0600d07bc940c8ce2c99","dashboard_id":"2","done_by":"62ed0600d07bc940c8ce2c99","createdAt":"2022-08-08T17:58:19.185Z","updatedAt":"2022-08-08T17:58:19.185Z","__v":0},"mode":"Add"},{"at":"2022-10-17T09:16:03.850Z","done_by_code":"","data":{"_id":"619c8592af8780680252de88","book_id":"612b9ec73e9d0a5e41ebdbb4","sub_book_id":"612b9ee03e9d0a5e41ebdbb7","user_id":"612b95373e9d0a5e41ebdba3","dashboard_id":"1","done_by":"612b95373e9d0a5e41ebdba3","createdAt":"2021-11-23T06:09:22.298Z","updatedAt":"2022-10-17T09:16:03.835Z","__v":0},"mode":"Update"},{"at":"2022-10-17T09:16:43.576Z","done_by_code":"","data":{"_id":"619c8592af8780680252de88","book_id":"612b9ec73e9d0a5e41ebdbb4","sub_book_id":"612b9ee03e9d0a5e41ebdbb7","user_id":"612b95373e9d0a5e41ebdba3","dashboard_id":"2","done_by":"612b95373e9d0a5e41ebdba3","createdAt":"2021-11-23T06:09:22.298Z","updatedAt":"2022-10-17T09:16:43.573Z","__v":0},"mode":"Update"},{"at":"2022-10-17T09:18:41.419Z","done_by_code":"","data":{"_id":"619c8592af8780680252de88","book_id":"612b9ec73e9d0a5e41ebdbb4","sub_book_id":"612b9ee03e9d0a5e41ebdbb7","user_id":"612b95373e9d0a5e41ebdba3","dashboard_id":"1","done_by":"612b95373e9d0a5e41ebdba3","createdAt":"2021-11-23T06:09:22.298Z","updatedAt":"2022-10-17T09:18:41.416Z","__v":0},"mode":"Update"}]