[{"at":"2022-10-20T06:47:37.613Z","done_by_code":"","data":{"_id":"6350ef093df3ce3a3469f718","rate":4000,"date":"2022-10-20T06:42:51.810Z","bank_balance":361167,"balances":54191479,"advances":-340853307,"user_defined":[],"total":-286300661,"gold_convert":-71575.17,"stock":407,"metal_balance":48187,"net_stock":-22981.17,"remark":"","done_by":"612b95373e9d0a5e41ebdba3","createdAt":"2022-10-20T06:47:37.608Z","updatedAt":"2022-10-20T06:47:37.608Z","__v":0},"mode":"Add"},{"at":"2022-10-20T06:47:44.104Z","done_by_code":"","data":{"_id":"6350ef10798b682f64cdf3c6","rate":4000,"date":"2022-10-20T06:42:51.810Z","bank_balance":361167,"balances":54191479,"advances":-340853307,"user_defined":[],"total":-286300661,"gold_convert":-71575.17,"stock":407,"metal_balance":48187,"net_stock":-22981.17,"remark":"","done_by":"612b95373e9d0a5e41ebdba3","createdAt":"2022-10-20T06:47:44.098Z","updatedAt":"2022-10-20T06:47:44.098Z","__v":0},"mode":"Add"},{"at":"2022-10-20T06:48:00.198Z","done_by_code":"","data":{"_id":"6350ef20045586204823e9a5","rate":4000,"date":"2022-10-20T06:42:51.810Z","bank_balance":361167,"balances":54191479,"advances":-340853307,"user_defined":[{"_id":"6350ef20045586204823e9a6","description":"dsds","rate":1221}],"total":-286299440,"gold_convert":-71574.86,"stock":407,"metal_balance":48187,"net_stock":-22980.86,"remark":"fdf","done_by":"612b95373e9d0a5e41ebdba3","createdAt":"2022-10-20T06:48:00.193Z","updatedAt":"2022-10-20T06:48:00.193Z","__v":0},"mode":"Add"},{"at":"2022-10-20T06:49:10.400Z","done_by_code":"","data":{"_id":"6350ef663e50442d8c6c84f9","rate":5000,"date":"2022-10-20T06:48:14.061Z","bank_balance":361167,"balances":54191479,"advances":-340853307,"user_defined":[],"total":-286300661,"gold_convert":-57260.13,"stock":407,"metal_balance":48187,"net_stock":-8666.13,"remark":"","done_by":"612b95373e9d0a5e41ebdba3","createdAt":"2022-10-20T06:49:10.397Z","updatedAt":"2022-10-20T06:49:10.397Z","__v":0},"mode":"Add"},{"at":"2022-10-20T06:49:32.718Z","done_by_code":"","data":{"_id":"6350ef7c01e1863de4185534","rate":5000,"date":"2022-10-20T06:48:14.061Z","bank_balance":361167,"balances":54191479,"advances":-340853307,"user_defined":[],"total":-286300661,"gold_convert":-57260.13,"stock":407,"metal_balance":48187,"net_stock":-8666.13,"remark":"","done_by":"612b95373e9d0a5e41ebdba3","createdAt":"2022-10-20T06:49:32.714Z","updatedAt":"2022-10-20T06:49:32.714Z","__v":0},"mode":"Add"},{"at":"2022-10-20T06:49:39.099Z","done_by_code":"","data":{"_id":"6350ef839cfe94384040c524","rate":500,"date":"2022-10-20T06:48:14.061Z","bank_balance":361167,"balances":54191479,"advances":-340853307,"user_defined":[],"total":-286300661,"gold_convert":-572601.32,"stock":407,"metal_balance":48187,"net_stock":-524007.32,"remark":"","done_by":"612b95373e9d0a5e41ebdba3","createdAt":"2022-10-20T06:49:39.094Z","updatedAt":"2022-10-20T06:49:39.094Z","__v":0},"mode":"Add"},{"at":"2022-10-20T06:49:49.494Z","done_by_code":"","data":{"_id":"6350ef8df134073b94304bcb","rate":500000,"date":"2022-10-20T06:48:14.061Z","bank_balance":361167,"balances":54191479,"advances":-340853307,"user_defined":[],"total":-286300661,"gold_convert":-572.6,"stock":407,"metal_balance":48187,"net_stock":48021.4,"remark":"","done_by":"612b95373e9d0a5e41ebdba3","createdAt":"2022-10-20T06:49:49.490Z","updatedAt":"2022-10-20T06:49:49.490Z","__v":0},"mode":"Add"},{"at":"2022-10-20T06:55:33.223Z","done_by_code":"","data":{"_id":"6350f0e5824c30149c1df3f4","rate":2000,"date":"2022-10-20T06:54:55.267Z","bank_balance":361167,"balances":54191479,"advances":-340853307,"user_defined":[],"total":-286300661,"gold_convert":-143150.33,"stock":407,"metal_balance":48187,"net_stock":-94639.57,"remark":"","done_by":"612b95373e9d0a5e41ebdba3","createdAt":"2022-10-20T06:55:33.218Z","updatedAt":"2022-10-20T06:55:33.218Z","__v":0},"mode":"Add"},{"at":"2022-10-20T08:18:19.322Z","done_by_code":"","data":{"_id":"6351044bd6398a3f9c16f13c","rate":4,"date":"2022-10-20T08:11:23.662Z","bank_balance":361167,"balances":54191479,"advances":-340853307,"user_defined":[],"total":-286300661,"gold_convert":-71575165.25,"stock":407,"metal_balance":48187,"net_stock":-71526654.48,"remark":"","done_by":"612b95373e9d0a5e41ebdba3","createdAt":"2022-10-20T08:18:19.317Z","updatedAt":"2022-10-20T08:18:19.317Z","__v":0},"mode":"Add"}]