[{"at":"2022-08-05T12:16:40.475Z","done_by_code":"","data":{"status":true,"_id":"62ed0a28d07bc940c8ce2fb5","ledger_name":"INPUT CGST 0 %","group":"602a5232f19e723dddee0c65","operation":"INPUT CGST","reference":{"ref_from":"tax","ref_id":"62ed07f980553224dee7aff2"},"createdAt":"2022-08-05T12:16:40.427Z","updatedAt":"2022-08-05T12:16:40.427Z","__v":0},"mode":"Add"},{"at":"2022-08-05T12:16:40.476Z","done_by_code":"","data":{"status":true,"_id":"62ed0a28d07bc940c8ce2fb7","ledger_name":"INPUT SGST 0 %","group":"602a5232f19e723dddee0c65","operation":"INPUT SGST","reference":{"ref_from":"tax","ref_id":"62ed07f980553224dee7aff2"},"createdAt":"2022-08-05T12:16:40.431Z","updatedAt":"2022-08-05T12:16:40.431Z","__v":0},"mode":"Add"},{"at":"2022-08-05T12:16:40.478Z","done_by_code":"","data":{"status":true,"_id":"62ed0a28d07bc940c8ce2fbb","ledger_name":"OUTPUT SGST 0 %","group":"602a5232f19e723dddee0c65","operation":"OUTPUT SGST","reference":{"ref_from":"tax","ref_id":"62ed07f980553224dee7aff2"},"createdAt":"2022-08-05T12:16:40.434Z","updatedAt":"2022-08-05T12:16:40.434Z","__v":0},"mode":"Add"},{"at":"2022-08-05T12:16:40.480Z","done_by_code":"","data":{"status":true,"_id":"62ed0a28d07bc940c8ce2fb9","ledger_name":"OUTPUT CGST 0 %","group":"602a5232f19e723dddee0c65","operation":"OUTPUT CGST","reference":{"ref_from":"tax","ref_id":"62ed07f980553224dee7aff2"},"createdAt":"2022-08-05T12:16:40.432Z","updatedAt":"2022-08-05T12:16:40.432Z","__v":0},"mode":"Add"},{"at":"2022-08-05T12:16:40.484Z","done_by_code":"","data":{"status":true,"_id":"62ed0a28d07bc940c8ce2fbd","ledger_name":"INPUT IGST 0 %","group":"602a5232f19e723dddee0c65","operation":"INPUT IGST","reference":{"ref_from":"tax","ref_id":"62ed07f980553224dee7aff2"},"createdAt":"2022-08-05T12:16:40.435Z","updatedAt":"2022-08-05T12:16:40.435Z","__v":0},"mode":"Add"},{"at":"2022-08-05T12:16:40.486Z","done_by_code":"","data":{"status":true,"_id":"62ed0a28d07bc940c8ce2fbf","ledger_name":"OUTPUT IGST 0 %","group":"602a5232f19e723dddee0c65","operation":"OUTPUT IGST","reference":{"ref_from":"tax","ref_id":"62ed07f980553224dee7aff2"},"createdAt":"2022-08-05T12:16:40.438Z","updatedAt":"2022-08-05T12:16:40.438Z","__v":0},"mode":"Add"},{"at":"2022-08-05T12:16:40.487Z","done_by_code":"","data":{"status":true,"_id":"62ed0a28d07bc940c8ce2fc1","ledger_name":"LOCAL SALES 0 %","group":"602a5159f19e723dddee0c54","operation":"LOCAL SALES","reference":{"ref_from":"tax","ref_id":"62ed07f980553224dee7aff2"},"createdAt":"2022-08-05T12:16:40.439Z","updatedAt":"2022-08-05T12:16:40.439Z","__v":0},"mode":"Add"},{"at":"2022-08-05T12:16:40.492Z","done_by_code":"","data":{"status":true,"_id":"62ed0a28d07bc940c8ce2fc5","ledger_name":"INTERSTATE PURCHASE 0 %","group":"602a5175f19e723dddee0c56","operation":"INTERSTATE PURCHASE","reference":{"ref_from":"tax","ref_id":"62ed07f980553224dee7aff2"},"createdAt":"2022-08-05T12:16:40.443Z","updatedAt":"2022-08-05T12:16:40.443Z","__v":0},"mode":"Add"},{"at":"2022-08-05T12:16:40.496Z","done_by_code":"","data":{"status":true,"_id":"62ed0a28d07bc940c8ce2fc3","ledger_name":"LOCAL PURCHASE 0 %","group":"602a5175f19e723dddee0c56","operation":"LOCAL PURCHASE","reference":{"ref_from":"tax","ref_id":"62ed07f980553224dee7aff2"},"createdAt":"2022-08-05T12:16:40.440Z","updatedAt":"2022-08-05T12:16:40.440Z","__v":0},"mode":"Add"},{"at":"2022-08-05T12:16:40.497Z","done_by_code":"","data":{"status":true,"_id":"62ed0a28d07bc940c8ce2fcc","ledger_name":"INTERSTATE SALES 0 %","group":"602a5159f19e723dddee0c54","operation":"INTERSTATE SALES","reference":{"ref_from":"tax","ref_id":"62ed07f980553224dee7aff2"},"createdAt":"2022-08-05T12:16:40.454Z","updatedAt":"2022-08-05T12:16:40.454Z","__v":0},"mode":"Add"}]