[{"at":"2022-08-19T10:40:14.830Z","done_by_code":"","data":{"_id":"62ee654a80365811cd30f458","reference_no":"","party_id":"615ddee6e350bb47bfe22b3e","party_name":"SARAVANA JEWEL","financial_year":"22-23","invoice_no":456,"invoice_date":"2022-08-06T12:57:12.111Z","remark":"","metal_discount":null,"old_balance_amount":9.49,"old_balance_metal":0.00200000000018008,"item_details":[{"_id":"62ee654a80365811cd30f459","product":"61498ceb8408bf6ca0f809b6","quantity":null,"gross_weight":100.23,"stone":null,"waste":null,"touch":99.5,"touch_difference":null,"net_weight":99.73,"mc_per_gram":null,"mc_per_piece":null,"description":"BAR - 99.50"}],"done_by":"612b95373e9d0a5e41ebdba3","book_id":"612b9ec73e9d0a5e41ebdbb4","sub_book_id":"612b9ee03e9d0a5e41ebdbb7","date_time":"2022-08-06T12:57:46.443Z","createdAt":"2022-08-06T12:57:46.450Z","updatedAt":"2022-08-19T10:40:14.804Z","__v":0},"mode":"Update"},{"at":"2022-10-20T05:26:53.216Z","done_by_code":"","data":{"_id":"62ee654a80365811cd30f458","reference_no":"","party_id":"615ddee6e350bb47bfe22b3e","party_name":"SARAVANA JEWEL","financial_year":"22-23","invoice_no":456,"invoice_date":"2022-08-06T12:57:12.111Z","remark":"","metal_discount":null,"old_balance_amount":9.49,"old_balance_metal":0.00200000000018008,"item_details":[{"_id":"6350dc1d002b95114c3cfc2a","product":"61498ceb8408bf6ca0f809b6","quantity":null,"gross_weight":101.23,"stone":null,"waste":null,"touch":99.5,"touch_difference":null,"net_weight":100.724,"mc_per_gram":null,"mc_per_piece":null,"description":"BAR - 99.50"}],"done_by":"612b95373e9d0a5e41ebdba3","book_id":"612b9ec73e9d0a5e41ebdbb4","sub_book_id":"612b9ee03e9d0a5e41ebdbb7","date_time":"2022-08-06T12:57:46.443Z","createdAt":"2022-08-06T12:57:46.450Z","updatedAt":"2022-10-20T05:26:53.190Z","__v":0},"mode":"Update"},{"at":"2022-10-20T05:27:31.000Z","done_by_code":"","data":{"_id":"62ee654a80365811cd30f458","reference_no":"","party_id":"615ddee6e350bb47bfe22b3e","party_name":"SARAVANA JEWEL","financial_year":"22-23","invoice_no":456,"invoice_date":"2022-08-06T12:57:12.111Z","remark":"","metal_discount":null,"old_balance_amount":9.49,"old_balance_metal":0.00200000000018008,"item_details":[{"_id":"6350dc42002b95114c3cfc74","product":"61498ceb8408bf6ca0f809b6","quantity":null,"gross_weight":100.23,"stone":null,"waste":null,"touch":99.5,"touch_difference":null,"net_weight":99.729,"mc_per_gram":null,"mc_per_piece":null,"description":"BAR - 99.50"}],"done_by":"612b95373e9d0a5e41ebdba3","book_id":"612b9ec73e9d0a5e41ebdbb4","sub_book_id":"612b9ee03e9d0a5e41ebdbb7","date_time":"2022-08-06T12:57:46.443Z","createdAt":"2022-08-06T12:57:46.450Z","updatedAt":"2022-10-20T05:27:30.979Z","__v":0},"mode":"Update"},{"at":"2022-10-20T05:28:40.322Z","done_by_code":"","data":{"_id":"62ee654a80365811cd30f458","reference_no":"","party_id":"615ddee6e350bb47bfe22b3e","party_name":"SARAVANA JEWEL","financial_year":"22-23","invoice_no":456,"invoice_date":"2022-08-06T12:57:12.111Z","remark":"","metal_discount":null,"old_balance_amount":9.49,"old_balance_metal":0.00200000000018008,"item_details":[{"_id":"6350dc88cbe80912b4abdf5f","product":"61498ceb8408bf6ca0f809b6","quantity":null,"gross_weight":110.23,"stone":null,"waste":null,"touch":99.5,"touch_difference":null,"net_weight":109.679,"mc_per_gram":null,"mc_per_piece":null,"description":"BAR - 99.50"}],"done_by":"612b95373e9d0a5e41ebdba3","book_id":"612b9ec73e9d0a5e41ebdbb4","sub_book_id":"612b9ee03e9d0a5e41ebdbb7","date_time":"2022-08-06T12:57:46.443Z","createdAt":"2022-08-06T12:57:46.450Z","updatedAt":"2022-10-20T05:28:40.299Z","__v":0},"mode":"Update"},{"at":"2022-10-20T05:38:10.838Z","done_by_code":"","data":{"_id":"62ee654a80365811cd30f458","reference_no":"","party_id":"615ddee6e350bb47bfe22b3e","party_name":"SARAVANA JEWEL","financial_year":"22-23","invoice_no":456,"invoice_date":"2022-08-06T12:57:12.111Z","remark":"","metal_discount":null,"old_balance_amount":9.49,"old_balance_metal":0.00200000000018008,"item_details":[{"_id":"6350dec2e59b62315c01aebe","product":"61498ceb8408bf6ca0f809b6","quantity":null,"gross_weight":100.23,"stone":null,"waste":null,"touch":99.5,"touch_difference":null,"net_weight":99.729,"mc_per_gram":null,"mc_per_piece":null,"description":"BAR - 99.50"}],"done_by":"612b95373e9d0a5e41ebdba3","book_id":"612b9ec73e9d0a5e41ebdbb4","sub_book_id":"612b9ee03e9d0a5e41ebdbb7","date_time":"2022-08-06T12:57:46.443Z","createdAt":"2022-08-06T12:57:46.450Z","updatedAt":"2022-10-20T05:38:10.815Z","__v":0},"mode":"Update"}]