[{"at":"2022-08-18T07:28:59.609Z","done_by_code":"","data":{"_id":"62ed20d280365811cd30e6ed","reference_no":"","party_id":"615de13ae350bb47bfe22dbe","party_name":"SK BULLION","financial_year":"22-23","invoice_no":398,"invoice_date":"2022-08-05T13:53:08.953Z","remark":"test remrks","old_balance_amount":-18744082.74,"old_balance_metal":3979.747000000003,"item_details":[{"_id":"62ed20d280365811cd30e6ee","product":"61498ceb8408bf6ca0f809b6","quantity":null,"gross_weight":4000,"stone":null,"waste":null,"touch":99.5,"touch_difference":null,"net_weight":3980,"mc_per_gram":null,"mc_per_piece":null,"description":"BAR - 99.50"}],"metal_discount":0.25,"done_by":"612b95373e9d0a5e41ebdba3","book_id":"612b9ec73e9d0a5e41ebdbb4","sub_book_id":"612b9ee03e9d0a5e41ebdbb7","date_time":"2022-08-05T13:53:22.307Z","createdAt":"2022-08-05T13:53:22.310Z","updatedAt":"2022-08-18T07:28:59.588Z","__v":0,"id":"62ed20d280365811cd30e6ed"},"mode":"Update"},{"at":"2022-08-18T08:16:02.555Z","done_by_code":"","data":{"_id":"62fdf542443bc20efccb1079","reference_no":"","party_id":"615de13ae350bb47bfe22dbe","party_name":"SK BULLION","financial_year":"22-23","invoice_no":399,"invoice_date":"2022-08-18T08:15:12.784Z","remark":"Sites might send pop-ups to show ads, or use redirects to lead you to websites you may not want to visit","old_balance_amount":0.26,"old_balance_metal":-0.0029999999969732016,"item_details":[{"_id":"62fdf542443bc20efccb107a","product":"6165a5ea22fb974515ddbd92","quantity":null,"gross_weight":1,"stone":null,"waste":null,"touch":99.93,"touch_difference":1,"net_weight":0.99,"mc_per_gram":null,"mc_per_piece":null,"description":"FT - 99.93"}],"metal_discount":1,"done_by":"612b95373e9d0a5e41ebdba3","book_id":"612b9ec73e9d0a5e41ebdbb4","sub_book_id":"612b9ee03e9d0a5e41ebdbb7","date_time":"2022-08-18T08:16:02.527Z","createdAt":"2022-08-18T08:16:02.534Z","updatedAt":"2022-08-18T08:16:02.534Z","__v":0,"id":"62fdf542443bc20efccb1079"},"mode":"Add"},{"at":"2022-08-18T08:59:18.025Z","done_by_code":"","data":{"_id":"62fdff655b9f1a2210dc9547","reference_no":"","party_id":"615de13ae350bb47bfe22dbe","party_name":"SK BULLION","financial_year":"22-23","invoice_no":400,"invoice_date":"2022-08-18T08:15:12.784Z","remark":"Sites might send pop-ups to show ads, or use redirects to lead you to websites you may not want to visit","old_balance_amount":0.26,"old_balance_metal":-0.0029999999969732016,"item_details":[{"_id":"62fdff655b9f1a2210dc9548","product":"6165a5ea22fb974515ddbd92","quantity":null,"gross_weight":1,"stone":null,"waste":null,"touch":99.93,"touch_difference":1,"net_weight":0.99,"mc_per_gram":null,"mc_per_piece":null,"description":"FT - 99.93"}],"metal_discount":1,"done_by":"612b95373e9d0a5e41ebdba3","book_id":"612b9ec73e9d0a5e41ebdbb4","sub_book_id":"612b9ee03e9d0a5e41ebdbb7","date_time":"2022-08-18T08:59:17.991Z","createdAt":"2022-08-18T08:59:17.996Z","updatedAt":"2022-08-18T08:59:17.996Z","__v":0,"id":"62fdff655b9f1a2210dc9547"},"mode":"Add"}]