[{"at":"2022-08-26T14:41:51.353Z","done_by_code":"","data":{"is_igst":false,"_id":"6308dbaf96e6622b6cbb1de0","reference_no":"","party_id":"615dd9d2e350bb47bfe22778","invoice_no":"","invoice_date":"2022-08-26T14:41:15.803Z","invoice_type":"Credit","invoice_amount":2922,"party_name":"RAVISHANKAR","pure_weight":null,"remark":"dsfsdf","old_balance_amount":-5,"old_balance_metal":0,"metal_pure_round":null,"item_details":[{"_id":"6308dbaf96e6622b6cbb1de1","product":"6144b1270bb8c510bedce520","quantity":null,"gross_weight":45,"stone":null,"waste":null,"touch":99.9,"touch_difference":null,"net_weight":44.955,"amount":2922.075,"mc_per_gram":null,"mc_per_piece":null,"mc_amount":null,"cost_rate":null,"description":"99.9","rate_per_gram":65,"tax_id":"6141aa90aabf866b601392e9","tax_percentage":3,"tax_amount":85.109,"balance":2922.07}],"other_expenses":[],"round_off":-0.07,"done_by":"612b95373e9d0a5e41ebdba3","book_id":"612b9ec73e9d0a5e41ebdbb4","sub_book_id":"612b9ee03e9d0a5e41ebdbb7","financial_year":"22-23","date_time":"2022-08-26T14:41:51.258Z","createdAt":"2022-08-26T14:41:51.265Z","updatedAt":"2022-08-26T14:41:51.265Z","__v":0,"id":"6308dbaf96e6622b6cbb1de0"},"mode":"Add"},{"at":"2022-08-26T14:42:15.112Z","done_by_code":"","data":{"is_igst":false,"_id":"6308dbaf96e6622b6cbb1de0","reference_no":"","party_id":"615dd9d2e350bb47bfe22778","invoice_no":"","invoice_date":"2022-08-26T14:41:15.803Z","invoice_type":"Credit","invoice_amount":2922,"party_name":"RAVISHANKAR","pure_weight":null,"remark":"dsfsdf","old_balance_amount":-5,"old_balance_metal":0,"metal_pure_round":null,"item_details":[{"_id":"6308dbaf96e6622b6cbb1de1","product":"6144b1270bb8c510bedce520","quantity":null,"gross_weight":45,"stone":null,"waste":null,"touch":99.9,"touch_difference":null,"net_weight":44.955,"amount":2922.075,"mc_per_gram":null,"mc_per_piece":null,"mc_amount":null,"cost_rate":null,"description":"99.9","rate_per_gram":65,"tax_id":"6141aa90aabf866b601392e9","tax_percentage":3,"tax_amount":85.109,"balance":2922.07}],"other_expenses":[],"round_off":-0.07,"done_by":"612b95373e9d0a5e41ebdba3","book_id":"612b9ec73e9d0a5e41ebdbb4","sub_book_id":"612b9ee03e9d0a5e41ebdbb7","financial_year":"22-23","date_time":"2022-08-26T14:41:51.258Z","createdAt":"2022-08-26T14:41:51.265Z","updatedAt":"2022-08-26T14:42:15.011Z","__v":0,"id":"6308dbaf96e6622b6cbb1de0"},"mode":"Update"},{"at":"2022-08-26T14:42:21.751Z","done_by_code":"","data":{"is_igst":false,"_id":"6308dbaf96e6622b6cbb1de0","reference_no":"","party_id":"615dd9d2e350bb47bfe22778","invoice_no":"","invoice_date":"2022-08-26T14:41:15.803Z","invoice_type":"Credit","invoice_amount":2922,"party_name":"RAVISHANKAR","pure_weight":null,"remark":"dsfsdf","old_balance_amount":-5,"old_balance_metal":0,"metal_pure_round":null,"item_details":[{"_id":"6308dbaf96e6622b6cbb1de1","product":"6144b1270bb8c510bedce520","quantity":null,"gross_weight":45,"stone":null,"waste":null,"touch":99.9,"touch_difference":null,"net_weight":44.955,"amount":2922.075,"mc_per_gram":null,"mc_per_piece":null,"mc_amount":null,"cost_rate":null,"description":"99.9","rate_per_gram":65,"tax_id":"6141aa90aabf866b601392e9","tax_percentage":3,"tax_amount":85.109,"balance":2922.07}],"other_expenses":[],"round_off":-0.07,"done_by":"612b95373e9d0a5e41ebdba3","book_id":"612b9ec73e9d0a5e41ebdbb4","sub_book_id":"612b9ee03e9d0a5e41ebdbb7","financial_year":"22-23","date_time":"2022-08-26T14:41:51.258Z","createdAt":"2022-08-26T14:41:51.265Z","updatedAt":"2022-08-26T14:42:21.644Z","__v":0,"id":"6308dbaf96e6622b6cbb1de0"},"mode":"Update"},{"at":"2022-08-26T14:42:28.190Z","done_by_code":"","data":{"is_igst":false,"_id":"6308dbaf96e6622b6cbb1de0","reference_no":"","party_id":"615dd9d2e350bb47bfe22778","invoice_no":"","invoice_date":"2022-08-26T14:41:15.803Z","invoice_type":"Credit","invoice_amount":2922,"party_name":"RAVISHANKAR","pure_weight":null,"remark":"dsfsdf","old_balance_amount":-5,"old_balance_metal":0,"metal_pure_round":null,"item_details":[{"_id":"6308dbaf96e6622b6cbb1de1","product":"6144b1270bb8c510bedce520","quantity":null,"gross_weight":45,"stone":null,"waste":null,"touch":99.9,"touch_difference":null,"net_weight":44.955,"amount":2922.075,"mc_per_gram":null,"mc_per_piece":null,"mc_amount":null,"cost_rate":null,"description":"99.9","rate_per_gram":65,"tax_id":"6141aa90aabf866b601392e9","tax_percentage":3,"tax_amount":85.109,"balance":2922.07}],"other_expenses":[],"round_off":-0.07,"done_by":"612b95373e9d0a5e41ebdba3","book_id":"612b9ec73e9d0a5e41ebdbb4","sub_book_id":"612b9ee03e9d0a5e41ebdbb7","financial_year":"22-23","date_time":"2022-08-26T14:41:51.258Z","createdAt":"2022-08-26T14:41:51.265Z","updatedAt":"2022-08-26T14:42:28.086Z","__v":0,"id":"6308dbaf96e6622b6cbb1de0"},"mode":"Update"}]