[{"at":"2022-08-05T12:16:40.408Z","done_by_code":"","data":{"status":true,"_id":"62ed07f980553224dee7aff2","at":"2022-06-03T16:07:43.620Z","done_by_code":"","data":{"status":true,"_id":"629a31cf1eac4a6be9e7bbec","tax_name":"GST 0","tax_percentage":0,"description":"","book_id":"612b9ec73e9d0a5e41ebdbb4","createdAt":"2022-06-03T16:07:43.614Z","updatedAt":"2022-06-03T16:07:43.614Z","__v":0},"mode":"Add","book_id":"62ed0600d07bc940c8ce2c93","description":"Test ","tax_name":"GST 0","tax_percentage":0,"updatedAt":"2022-08-05T12:16:40.398Z"},"mode":"Update"}]