[{"at":"2022-10-20T05:39:38.227Z","done_by_code":"","data":{"_id":"6350df1ac3e1a02538b45cc7","book_id":"612b9ec73e9d0a5e41ebdbb4","sub_book_id":"612b9ee03e9d0a5e41ebdbb7","date":"2022-10-20T05:38:58.109Z","voucher_no":6186,"financial_year":"22-23","voucher_type":"Receipt","detail":[{"_id":"6350df1ac3e1a02538b45cc8","ledger":"615febf09297fa2a67e05dea","posting":"Dr","amount":321,"narration":""},{"_id":"6350df1ac3e1a02538b45cc9","ledger":"615ddf24e350bb47bfe22b71","posting":"Cr","amount":321,"narration":""}],"done_by":"612b95373e9d0a5e41ebdba3","date_time":"2022-10-20T05:39:38.219Z","createdAt":"2022-10-20T05:39:38.222Z","updatedAt":"2022-10-20T05:39:38.222Z","__v":0,"id":"6350df1ac3e1a02538b45cc7"},"mode":"Add"},{"at":"2022-10-20T05:40:49.477Z","done_by_code":"","data":{"_id":"6350df617ba1660974aabe8e","book_id":"612b9ec73e9d0a5e41ebdbb4","sub_book_id":"612b9ee03e9d0a5e41ebdbb7","date":"2022-10-20T05:40:32.361Z","voucher_no":6187,"financial_year":"22-23","voucher_type":"Receipt","detail":[{"_id":"6350df617ba1660974aabe8f","ledger":"6281e9b3654296365538f0d2","posting":"Dr","amount":400000,"narration":""},{"_id":"6350df617ba1660974aabe90","ledger":"615ddf24e350bb47bfe22b71","posting":"Cr","amount":400000,"narration":""}],"done_by":"612b95373e9d0a5e41ebdba3","date_time":"2022-10-20T05:40:49.470Z","createdAt":"2022-10-20T05:40:49.474Z","updatedAt":"2022-10-20T05:40:49.474Z","__v":0,"id":"6350df617ba1660974aabe8e"},"mode":"Add"}]