{
    "images":[
        {
            "image":"https://5.imimg.com/data5/DX/BG/MY-14049905/ladies-one-piece-dress-500x500.jpg"
        },
        {
            "image": "https://5.imimg.com/data5/LV/FR/MY-56186435/kids-girl-indo-western-dress-500x500.jpg"
        },
        {
            "image": "https://http2.mlstatic.com/D_NQ_NP_696444-MLA44508024598_012021-O.webp"
        },
        {
            "image": "https://5.imimg.com/data5/LV/FR/MY-56186435/kids-girl-indo-western-dress-500x500.jpg"
        },
        {
            "image": "https://4.imimg.com/data4/HW/HF/MY-12743049/hooker-furniture-side-chair-500x500.jpeg"
        },
        {
            "image": "https://p.rmjo.in/productSquare/0ahsljnf-500x500.jpg"
        }
    ],
   

    "images2":[

        {
            "image":"http://192.168.100.157:9000/public/product/1647601397180.297.webp"
        },
        {
            "image": "http://192.168.100.157:9000/public/product/1655813296011.1858.webp"
        },
        {
            "image": "http://192.168.100.157:9000/public/product/1646727440581.0532.webp"
        },
        {
            "image": "http://192.168.100.157:9000/public/product/1648117471330.898.webp"
        },
        {
            "image": "http://192.168.100.157:9000/public/product/1656131226644.7068.webp"
        }
    ],
    "images3": [
        {
            "image": "http://192.168.100.157:9000/public/product/1647601397180.297.webp"
        },
        {
            "image": "http://192.168.100.157:9000/public/product/1655813296011.1858.webp"
        },
        {
            "image": "http://192.168.100.157:9000/public/product/1646727440581.0532.webp"
        },
        {
            "image": "http://192.168.100.157:9000/public/product/1648117471330.898.webp"
        },
        {
            "image": "http://192.168.100.157:9000/public/product/1656131226644.7068.webp"
        }
    ]

    
   
}


